INSERT INTO public.tariffs (id, fixed_minute_price, fixed_minutes, fixed_price, is_incoming_free, minute_price, name, next_tariff_after_fixed_minutes_id, other_operator_tariff_id) VALUES ('06', null, 300, 100, false, 1, 'Безлимит 300', null, null);
INSERT INTO public.tariffs (id, fixed_minute_price, fixed_minutes, fixed_price, is_incoming_free, minute_price, name, next_tariff_after_fixed_minutes_id, other_operator_tariff_id) VALUES ('03', null, null, null, false, 1.5, 'Поминутный', null, null);
INSERT INTO public.tariffs (id, fixed_minute_price, fixed_minutes, fixed_price, is_incoming_free, minute_price, name, next_tariff_after_fixed_minutes_id, other_operator_tariff_id) VALUES ('11', 0.5, 100, null, true, null, 'Обычный', '03', null);
INSERT INTO public.tariffs (id, fixed_minute_price, fixed_minutes, fixed_price, is_incoming_free, minute_price, name, next_tariff_after_fixed_minutes_id, other_operator_tariff_id) VALUES ('82', null, null, null, true, 0, 'Тариф Х', null, '03');

INSERT INTO users(username,password,role) VALUES ('lwinsbury0','lwinsbury0','ABONENT');
INSERT INTO users(username,password,role) VALUES ('mmaps1','mmaps1','ABONENT');
INSERT INTO users(username,password,role) VALUES ('wveysey2','wveysey2','ABONENT');
INSERT INTO users(username,password,role) VALUES ('pcastilla3','pcastilla3','ABONENT');
INSERT INTO users(username,password,role) VALUES ('ealywen4','ealywen4','ABONENT');
INSERT INTO users(username,password,role) VALUES ('fmaes5','fmaes5','ABONENT');
INSERT INTO users(username,password,role) VALUES ('ashacklady6','ashacklady6','ABONENT');
INSERT INTO users(username,password,role) VALUES ('jpastor7','jpastor7','ABONENT');
INSERT INTO users(username,password,role) VALUES ('rleitche8','rleitche8','ABONENT');
INSERT INTO users(username,password,role) VALUES ('mvarvara9','mvarvara9','ABONENT');
INSERT INTO users(username,password,role) VALUES ('jlecounta','jlecounta','ABONENT');
INSERT INTO users(username,password,role) VALUES ('fkarmelb','fkarmelb','ABONENT');
INSERT INTO users(username,password,role) VALUES ('apietrowiczc','apietrowiczc','ABONENT');
INSERT INTO users(username,password,role) VALUES ('ksemechikd','ksemechikd','ABONENT');
INSERT INTO users(username,password,role) VALUES ('kcavendishe','kcavendishe','ABONENT');
INSERT INTO users(username,password,role) VALUES ('fferrilliof','fferrilliof','ABONENT');
INSERT INTO users(username,password,role) VALUES ('igrocockg','igrocockg','ABONENT');
INSERT INTO users(username,password,role) VALUES ('hsondlandh','hsondlandh','ABONENT');
INSERT INTO users(username,password,role) VALUES ('espreyi','espreyi','ABONENT');
INSERT INTO users(username,password,role) VALUES ('dsarrellj','dsarrellj','ABONENT');
INSERT INTO users(username,password,role) VALUES ('lhuetk','lhuetk','ABONENT');
INSERT INTO users(username,password,role) VALUES ('dgissopl','dgissopl','ABONENT');
INSERT INTO users(username,password,role) VALUES ('wbagbym','wbagbym','ABONENT');
INSERT INTO users(username,password,role) VALUES ('ealgoren','ealgoren','ABONENT');
INSERT INTO users(username,password,role) VALUES ('hkennerleyo','hkennerleyo','ABONENT');
INSERT INTO users(username,password,role) VALUES ('cbiagip','cbiagip','ABONENT');
INSERT INTO users(username,password,role) VALUES ('meberzq','meberzq','ABONENT');
INSERT INTO users(username,password,role) VALUES ('fbourr','fbourr','ABONENT');
INSERT INTO users(username,password,role) VALUES ('blinhams','blinhams','ABONENT');
INSERT INTO users(username,password,role) VALUES ('wcrightont','wcrightont','ABONENT');
INSERT INTO users(username,password,role) VALUES ('bsommerlingu','bsommerlingu','ABONENT');
INSERT INTO users(username,password,role) VALUES ('ssacklerv','ssacklerv','ABONENT');
INSERT INTO users(username,password,role) VALUES ('mmargramw','mmargramw','ABONENT');
INSERT INTO users(username,password,role) VALUES ('sholahx','sholahx','ABONENT');
INSERT INTO users(username,password,role) VALUES ('skinnardy','skinnardy','ABONENT');
INSERT INTO users(username,password,role) VALUES ('epymerz','epymerz','ABONENT');
INSERT INTO users(username,password,role) VALUES ('lrushworth10','lrushworth10','ABONENT');
INSERT INTO users(username,password,role) VALUES ('iwalne11','iwalne11','ABONENT');
INSERT INTO users(username,password,role) VALUES ('snansom12','snansom12','ABONENT');
INSERT INTO users(username,password,role) VALUES ('dheitz13','dheitz13','ABONENT');
INSERT INTO users(username,password,role) VALUES ('gsimkovich14','gsimkovich14','ABONENT');
INSERT INTO users(username,password,role) VALUES ('cgrist15','cgrist15','ABONENT');
INSERT INTO users(username,password,role) VALUES ('vfreddi16','vfreddi16','ABONENT');
INSERT INTO users(username,password,role) VALUES ('ecauderlie17','ecauderlie17','ABONENT');
INSERT INTO users(username,password,role) VALUES ('dbreukelman18','dbreukelman18','ABONENT');
INSERT INTO users(username,password,role) VALUES ('gespadate19','gespadate19','ABONENT');
INSERT INTO users(username,password,role) VALUES ('kleitch1a','kleitch1a','ABONENT');
INSERT INTO users(username,password,role) VALUES ('vdenver1b','vdenver1b','ABONENT');
INSERT INTO users(username,password,role) VALUES ('dkraut1c','dkraut1c','ABONENT');
INSERT INTO users(username,password,role) VALUES ('cpurdie1d','cpurdie1d','ABONENT');
INSERT INTO users(username,password,role) VALUES ('nabels1e','nabels1e','ABONENT');
INSERT INTO users(username,password,role) VALUES ('rantoniat1f','rantoniat1f','ABONENT');
INSERT INTO users(username,password,role) VALUES ('aronchi1g','aronchi1g','ABONENT');
INSERT INTO users(username,password,role) VALUES ('cabrahamoff1h','cabrahamoff1h','ABONENT');
INSERT INTO users(username,password,role) VALUES ('tjoost1i','tjoost1i','ABONENT');
INSERT INTO users(username,password,role) VALUES ('clibermore1j','clibermore1j','ABONENT');
INSERT INTO users(username,password,role) VALUES ('jsymcoxe1k','jsymcoxe1k','ABONENT');
INSERT INTO users(username,password,role) VALUES ('oheigl1l','oheigl1l','ABONENT');
INSERT INTO users(username,password,role) VALUES ('dvanbaaren1m','dvanbaaren1m','ABONENT');
INSERT INTO users(username,password,role) VALUES ('hbritland1n','hbritland1n','ABONENT');
INSERT INTO users(username,password,role) VALUES ('bbartosch1o','bbartosch1o','ABONENT');
INSERT INTO users(username,password,role) VALUES ('zespinos1p','zespinos1p','ABONENT');
INSERT INTO users(username,password,role) VALUES ('hkinner1q','hkinner1q','ABONENT');
INSERT INTO users(username,password,role) VALUES ('wjendrusch1r','wjendrusch1r','ABONENT');
INSERT INTO users(username,password,role) VALUES ('mrubertis1s','mrubertis1s','ABONENT');
INSERT INTO users(username,password,role) VALUES ('kgresch1t','kgresch1t','ABONENT');
INSERT INTO users(username,password,role) VALUES ('lbarrable1u','lbarrable1u','ABONENT');
INSERT INTO users(username,password,role) VALUES ('gexposito1v','gexposito1v','ABONENT');
INSERT INTO users(username,password,role) VALUES ('egolsthorp1w','egolsthorp1w','ABONENT');
INSERT INTO users(username,password,role) VALUES ('lcharlton1x','lcharlton1x','ABONENT');
INSERT INTO users(username,password,role) VALUES ('cbeiderbeck1y','cbeiderbeck1y','ABONENT');
INSERT INTO users(username,password,role) VALUES ('fzammett1z','fzammett1z','ABONENT');
INSERT INTO users(username,password,role) VALUES ('ebellon20','ebellon20','ABONENT');
INSERT INTO users(username,password,role) VALUES ('tmiguel21','tmiguel21','ABONENT');
INSERT INTO users(username,password,role) VALUES ('adrayson22','adrayson22','ABONENT');
INSERT INTO users(username,password,role) VALUES ('jgarfitt23','jgarfitt23','ABONENT');
INSERT INTO users(username,password,role) VALUES ('rszymanowski24','rszymanowski24','ABONENT');
INSERT INTO users(username,password,role) VALUES ('jcowie25','jcowie25','ABONENT');
INSERT INTO users(username,password,role) VALUES ('mhuster26','mhuster26','ABONENT');
INSERT INTO users(username,password,role) VALUES ('bcrier27','bcrier27','ABONENT');
INSERT INTO users(username,password,role) VALUES ('mgettings28','mgettings28','ABONENT');
INSERT INTO users(username,password,role) VALUES ('afasse29','afasse29','ABONENT');
INSERT INTO users(username,password,role) VALUES ('kconor2a','kconor2a','ABONENT');
INSERT INTO users(username,password,role) VALUES ('dabrahm2b','dabrahm2b','ABONENT');
INSERT INTO users(username,password,role) VALUES ('hloftie2c','hloftie2c','ABONENT');
INSERT INTO users(username,password,role) VALUES ('smcconigal2d','smcconigal2d','ABONENT');
INSERT INTO users(username,password,role) VALUES ('eketchaside2e','eketchaside2e','ABONENT');
INSERT INTO users(username,password,role) VALUES ('granns2f','granns2f','ABONENT');
INSERT INTO users(username,password,role) VALUES ('lwillox2g','lwillox2g','ABONENT');
INSERT INTO users(username,password,role) VALUES ('pdanahar2h','pdanahar2h','ABONENT');
INSERT INTO users(username,password,role) VALUES ('agotch2i','agotch2i','ABONENT');
INSERT INTO users(username,password,role) VALUES ('rcharlewood2j','rcharlewood2j','ABONENT');
INSERT INTO users(username,password,role) VALUES ('lfruen2k','lfruen2k','ABONENT');
INSERT INTO users(username,password,role) VALUES ('ccarluccio2l','ccarluccio2l','ABONENT');
INSERT INTO users(username,password,role) VALUES ('sblowne2m','sblowne2m','ABONENT');
INSERT INTO users(username,password,role) VALUES ('leskrigge2n','leskrigge2n','ABONENT');
INSERT INTO users(username,password,role) VALUES ('wstallon2o','wstallon2o','ABONENT');
INSERT INTO users(username,password,role) VALUES ('tstiebler2p','tstiebler2p','ABONENT');
INSERT INTO users(username,password,role) VALUES ('umacilraith2q','umacilraith2q','ABONENT');
INSERT INTO users(username,password,role) VALUES ('otwitty2r','otwitty2r','ABONENT');
INSERT INTO users(username,password,role) VALUES ('lsandbatch2s','lsandbatch2s','ABONENT');
INSERT INTO users(username,password,role) VALUES ('jbettleson2t','jbettleson2t','ABONENT');
INSERT INTO users(username,password,role) VALUES ('ksinderland2u','ksinderland2u','ABONENT');
INSERT INTO users(username,password,role) VALUES ('dapperley2v','dapperley2v','ABONENT');
INSERT INTO users(username,password,role) VALUES ('olemmens2w','olemmens2w','ABONENT');
INSERT INTO users(username,password,role) VALUES ('mkubera2x','mkubera2x','ABONENT');
INSERT INTO users(username,password,role) VALUES ('kchesshire2y','kchesshire2y','ABONENT');
INSERT INTO users(username,password,role) VALUES ('lboxer2z','lboxer2z','ABONENT');
INSERT INTO users(username,password,role) VALUES ('emoubray30','emoubray30','ABONENT');
INSERT INTO users(username,password,role) VALUES ('kcusiter31','kcusiter31','ABONENT');
INSERT INTO users(username,password,role) VALUES ('hjensen32','hjensen32','ABONENT');
INSERT INTO users(username,password,role) VALUES ('lcust33','lcust33','ABONENT');
INSERT INTO users(username,password,role) VALUES ('omcrorie34','omcrorie34','ABONENT');
INSERT INTO users(username,password,role) VALUES ('mmeir35','mmeir35','ABONENT');
INSERT INTO users(username,password,role) VALUES ('hdobbyn36','hdobbyn36','ABONENT');
INSERT INTO users(username,password,role) VALUES ('mrouby37','mrouby37','ABONENT');
INSERT INTO users(username,password,role) VALUES ('bspaingower38','bspaingower38','ABONENT');
INSERT INTO users(username,password,role) VALUES ('pferrucci39','pferrucci39','ABONENT');
INSERT INTO users(username,password,role) VALUES ('ctabbitt3a','ctabbitt3a','ABONENT');
INSERT INTO users(username,password,role) VALUES ('nquince3b','nquince3b','ABONENT');
INSERT INTO users(username,password,role) VALUES ('ekopta3c','ekopta3c','ABONENT');
INSERT INTO users(username,password,role) VALUES ('athandi3d','athandi3d','ABONENT');
INSERT INTO users(username,password,role) VALUES ('dmacconachy3e','dmacconachy3e','ABONENT');
INSERT INTO users(username,password,role) VALUES ('tslides3f','tslides3f','ABONENT');
INSERT INTO users(username,password,role) VALUES ('mvedenyapin3g','mvedenyapin3g','ABONENT');
INSERT INTO users(username,password,role) VALUES ('ktetther3h','ktetther3h','ABONENT');
INSERT INTO users(username,password,role) VALUES ('cyashunin3i','cyashunin3i','ABONENT');
INSERT INTO users(username,password,role) VALUES ('vfaier3j','vfaier3j','ABONENT');
INSERT INTO users(username,password,role) VALUES ('lcottesford3k','lcottesford3k','ABONENT');
INSERT INTO users(username,password,role) VALUES ('fjorio3l','fjorio3l','ABONENT');
INSERT INTO users(username,password,role) VALUES ('ndorset3m','ndorset3m','ABONENT');
INSERT INTO users(username,password,role) VALUES ('epauleau3n','epauleau3n','ABONENT');
INSERT INTO users(username,password,role) VALUES ('hwatterson3o','hwatterson3o','ABONENT');
INSERT INTO users(username,password,role) VALUES ('djedrachowicz3p','djedrachowicz3p','ABONENT');
INSERT INTO users(username,password,role) VALUES ('cfurnell3q','cfurnell3q','ABONENT');
INSERT INTO users(username,password,role) VALUES ('pbaskerville3r','pbaskerville3r','ABONENT');
INSERT INTO users(username,password,role) VALUES ('corviss3s','corviss3s','ABONENT');
INSERT INTO users(username,password,role) VALUES ('dbygreaves3t','dbygreaves3t','ABONENT');
INSERT INTO users(username,password,role) VALUES ('ktolputt3u','ktolputt3u','ABONENT');
INSERT INTO users(username,password,role) VALUES ('apetroff3v','apetroff3v','ABONENT');
INSERT INTO users(username,password,role) VALUES ('daguirrezabala3w','daguirrezabala3w','ABONENT');
INSERT INTO users(username,password,role) VALUES ('ocollishaw3x','ocollishaw3x','ABONENT');
INSERT INTO users(username,password,role) VALUES ('jbushnell3y','jbushnell3y','ABONENT');
INSERT INTO users(username,password,role) VALUES ('ygrunson3z','ygrunson3z','ABONENT');
INSERT INTO users(username,password,role) VALUES ('kwhardley40','kwhardley40','ABONENT');
INSERT INTO users(username,password,role) VALUES ('thousley41','thousley41','ABONENT');
INSERT INTO users(username,password,role) VALUES ('avakhrushin42','avakhrushin42','ABONENT');
INSERT INTO users(username,password,role) VALUES ('asouttar43','asouttar43','ABONENT');
INSERT INTO users(username,password,role) VALUES ('kspick44','kspick44','ABONENT');
INSERT INTO users(username,password,role) VALUES ('dchetwin45','dchetwin45','ABONENT');
INSERT INTO users(username,password,role) VALUES ('rarnoll46','rarnoll46','ABONENT');
INSERT INTO users(username,password,role) VALUES ('mdossettor47','mdossettor47','ABONENT');
INSERT INTO users(username,password,role) VALUES ('mswyndley48','mswyndley48','ABONENT');
INSERT INTO users(username,password,role) VALUES ('mchatfield49','mchatfield49','ABONENT');
INSERT INTO users(username,password,role) VALUES ('lmistry4a','lmistry4a','ABONENT');
INSERT INTO users(username,password,role) VALUES ('jjellings4b','jjellings4b','ABONENT');
INSERT INTO users(username,password,role) VALUES ('whargreaves4c','whargreaves4c','ABONENT');
INSERT INTO users(username,password,role) VALUES ('mweedon4d','mweedon4d','ABONENT');
INSERT INTO users(username,password,role) VALUES ('pgouch4e','pgouch4e','ABONENT');
INSERT INTO users(username,password,role) VALUES ('zcliffe4f','zcliffe4f','ABONENT');
INSERT INTO users(username,password,role) VALUES ('nlindenbluth4g','nlindenbluth4g','ABONENT');
INSERT INTO users(username,password,role) VALUES ('rprover4h','rprover4h','ABONENT');
INSERT INTO users(username,password,role) VALUES ('zbasten4i','zbasten4i','ABONENT');
INSERT INTO users(username,password,role) VALUES ('dgibbings4j','dgibbings4j','ABONENT');
INSERT INTO users(username,password,role) VALUES ('lcroutear4k','lcroutear4k','ABONENT');
INSERT INTO users(username,password,role) VALUES ('glitton4l','glitton4l','ABONENT');
INSERT INTO users(username,password,role) VALUES ('rseary4m','rseary4m','ABONENT');
INSERT INTO users(username,password,role) VALUES ('tconaghy4n','tconaghy4n','ABONENT');
INSERT INTO users(username,password,role) VALUES ('sbrussels4o','sbrussels4o','ABONENT');
INSERT INTO users(username,password,role) VALUES ('rchellam4p','rchellam4p','ABONENT');
INSERT INTO users(username,password,role) VALUES ('mdonaldson4q','mdonaldson4q','ABONENT');
INSERT INTO users(username,password,role) VALUES ('ysummerson4r','ysummerson4r','ABONENT');
INSERT INTO users(username,password,role) VALUES ('gfiltness4s','gfiltness4s','ABONENT');
INSERT INTO users(username,password,role) VALUES ('rmonahan4t','rmonahan4t','ABONENT');
INSERT INTO users(username,password,role) VALUES ('mdrewery4u','mdrewery4u','ABONENT');
INSERT INTO users(username,password,role) VALUES ('nrougier4v','nrougier4v','ABONENT');
INSERT INTO users(username,password,role) VALUES ('owardhough4w','owardhough4w','ABONENT');
INSERT INTO users(username,password,role) VALUES ('nfysh4x','nfysh4x','ABONENT');
INSERT INTO users(username,password,role) VALUES ('ljurick4y','ljurick4y','ABONENT');
INSERT INTO users(username,password,role) VALUES ('acargenven4z','$2a$12$VxVQPRcu5dMK1Nx1hgePy.h.Zgyr5zT37I8nGmSL5q1m9STK8f02i','ABONENT');
INSERT INTO users(username,password,role) VALUES ('kquinn50','kquinn50','ABONENT');
INSERT INTO users(username,password,role) VALUES ('rmartinyuk51','rmartinyuk51','ABONENT');
INSERT INTO users(username,password,role) VALUES ('dedinborough52','dedinborough52','ABONENT');
INSERT INTO users(username,password,role) VALUES ('ospridgeon53','ospridgeon53','ABONENT');
INSERT INTO users(username,password,role) VALUES ('lsautter54','lsautter54','ABONENT');
INSERT INTO users(username,password,role) VALUES ('cbosanko55','cbosanko55','ABONENT');
INSERT INTO users(username,password,role) VALUES ('rwillas56','rwillas56','ABONENT');
INSERT INTO users(username,password,role) VALUES ('tdesbrow57','tdesbrow57','ABONENT');
INSERT INTO users(username,password,role) VALUES ('agelland58','agelland58','ABONENT');
INSERT INTO users(username,password,role) VALUES ('kganter59','kganter59','ABONENT');
INSERT INTO users(username,password,role) VALUES ('mkewley5a','mkewley5a','ABONENT');
INSERT INTO users(username,password,role) VALUES ('vscholl5b','vscholl5b','ABONENT');
INSERT INTO users(username,password,role) VALUES ('cyabsley5c','cyabsley5c','ABONENT');
INSERT INTO users(username,password,role) VALUES ('fharrison5d','fharrison5d','ABONENT');
INSERT INTO users(username,password,role) VALUES ('bbetjeman5e','bbetjeman5e','ABONENT');
INSERT INTO users(username,password,role) VALUES ('hdolley5f','hdolley5f','ABONENT');
INSERT INTO users(username,password,role) VALUES ('cgalsworthy5g','cgalsworthy5g','ABONENT');
INSERT INTO users(username,password,role) VALUES ('jlarwell5h','jlarwell5h','ABONENT');
INSERT INTO users(username,password,role) VALUES ('lclemmen5i','lclemmen5i','ABONENT');
INSERT INTO users(username,password,role) VALUES ('mdenisyuk5j','mdenisyuk5j','ABONENT');
INSERT INTO users(username,password,role) VALUES ('djaan5k','djaan5k','ABONENT');
INSERT INTO users(username,password,role) VALUES ('mcawsey5l','mcawsey5l','ABONENT');
INSERT INTO users(username,password,role) VALUES ('ggillow5m','ggillow5m','ABONENT');
INSERT INTO users(username,password,role) VALUES ('mpaddingdon5n','mpaddingdon5n','ABONENT');
INSERT INTO users(username,password,role) VALUES ('gcapper5o','gcapper5o','ABONENT');
INSERT INTO users(username,password,role) VALUES ('epettinger5p','epettinger5p','ABONENT');
INSERT INTO users(username,password,role) VALUES ('vcaulliere5q','vcaulliere5q','ABONENT');
INSERT INTO users(username,password,role) VALUES ('cfeedham5r','cfeedham5r','ABONENT');
INSERT INTO users(username,password,role) VALUES ('acosta5s','acosta5s','ABONENT');
INSERT INTO users(username,password,role) VALUES ('bmenier5t','bmenier5t','ABONENT');
INSERT INTO users(username,password,role) VALUES ('fnapier5u','fnapier5u','ABONENT');
INSERT INTO users(username,password,role) VALUES ('dredmell5v','dredmell5v','ABONENT');
INSERT INTO users(username,password,role) VALUES ('gcompton5w','gcompton5w','ABONENT');
INSERT INTO users(username,password,role) VALUES ('vgaffer5x','vgaffer5x','ABONENT');
INSERT INTO users(username,password,role) VALUES ('egwilliam5y','egwilliam5y','ABONENT');
INSERT INTO users(username,password,role) VALUES ('cbeckwith5z','cbeckwith5z','ABONENT');
INSERT INTO users(username,password,role) VALUES ('ktofts60','ktofts60','ABONENT');
INSERT INTO users(username,password,role) VALUES ('cmumbray61','cmumbray61','ABONENT');
INSERT INTO users(username,password,role) VALUES ('atelezhkin62','atelezhkin62','ABONENT');
INSERT INTO users(username,password,role) VALUES ('tantonutti63','tantonutti63','ABONENT');
INSERT INTO users(username,password,role) VALUES ('fartois64','fartois64','ABONENT');
INSERT INTO users(username,password,role) VALUES ('fharbage65','fharbage65','ABONENT');
INSERT INTO users(username,password,role) VALUES ('wchanders66','wchanders66','ABONENT');
INSERT INTO users(username,password,role) VALUES ('gdevries67','gdevries67','ABONENT');
INSERT INTO users(username,password,role) VALUES ('wclemett68','wclemett68','ABONENT');
INSERT INTO users(username,password,role) VALUES ('iandrzej69','iandrzej69','ABONENT');
INSERT INTO users(username,password,role) VALUES ('trisby6a','trisby6a','ABONENT');
INSERT INTO users(username,password,role) VALUES ('esiaspinski6b','esiaspinski6b','ABONENT');
INSERT INTO users(username,password,role) VALUES ('jmacewan6c','jmacewan6c','ABONENT');
INSERT INTO users(username,password,role) VALUES ('hbowld6d','hbowld6d','ABONENT');
INSERT INTO users(username,password,role) VALUES ('rkryska6e','rkryska6e','ABONENT');
INSERT INTO users(username,password,role) VALUES ('wdurdle6f','wdurdle6f','ABONENT');
INSERT INTO users(username,password,role) VALUES ('fhooke6g','fhooke6g','ABONENT');
INSERT INTO users(username,password,role) VALUES ('rtonepohl6h','rtonepohl6h','ABONENT');
INSERT INTO users(username,password,role) VALUES ('tratie6i','tratie6i','ABONENT');
INSERT INTO users(username,password,role) VALUES ('mchessor6j','mchessor6j','ABONENT');
INSERT INTO users(username,password,role) VALUES ('wmatiasek6k','wmatiasek6k','ABONENT');
INSERT INTO users(username,password,role) VALUES ('mgoslin6l','mgoslin6l','ABONENT');
INSERT INTO users(username,password,role) VALUES ('ibaldassi6m','ibaldassi6m','ABONENT');
INSERT INTO users(username,password,role) VALUES ('cgribble6n','cgribble6n','ABONENT');
INSERT INTO users(username,password,role) VALUES ('godornan6o','godornan6o','ABONENT');
INSERT INTO users(username,password,role) VALUES ('gdavidovich6p','gdavidovich6p','ABONENT');
INSERT INTO users(username,password,role) VALUES ('aborrows6q','aborrows6q','ABONENT');
INSERT INTO users(username,password,role) VALUES ('aleasor6r','aleasor6r','ABONENT');
INSERT INTO users(username,password,role) VALUES ('jmcanulty6s','jmcanulty6s','ABONENT');
INSERT INTO users(username,password,role) VALUES ('dgilbey6t','dgilbey6t','ABONENT');
INSERT INTO users(username,password,role) VALUES ('rlinton6u','rlinton6u','ABONENT');
INSERT INTO users(username,password,role) VALUES ('whabbeshaw6v','whabbeshaw6v','ABONENT');
INSERT INTO users(username,password,role) VALUES ('sions6w','sions6w','ABONENT');
INSERT INTO users(username,password,role) VALUES ('dwilber6x','dwilber6x','ABONENT');
INSERT INTO users(username,password,role) VALUES ('cparnell6y','cparnell6y','ABONENT');
INSERT INTO users(username,password,role) VALUES ('mbastone6z','mbastone6z','ABONENT');
INSERT INTO users(username,password,role) VALUES ('htaft70','htaft70','ABONENT');
INSERT INTO users(username,password,role) VALUES ('lfitzpayn71','lfitzpayn71','ABONENT');
INSERT INTO users(username,password,role) VALUES ('cporteous72','cporteous72','ABONENT');
INSERT INTO users(username,password,role) VALUES ('gscimonelli73','gscimonelli73','ABONENT');
INSERT INTO users(username,password,role) VALUES ('pbriffdat70','pbriffdat70','MANAGER');
INSERT INTO users(username,password,role) VALUES ('mherrffero71','$2a$12$J.konh444bjbfzS7hdR17.TIilv43dp5q9y07FNcxvu9Vw3qUK7vq','MANAGER');
INSERT INTO users(username,password,role) VALUES ('scatheffnod72','scatheffnod72','MANAGER');
INSERT INTO users(username,password,role) VALUES ('tscraneffdge73','tscraneffdge73','MANAGER');

INSERT INTO managers(username, name,surname) VALUES ('pbriffdat70', 'Bryn','Rubinowitz');
INSERT INTO managers(username, name,surname) VALUES ('mherrffero71', 'Lane','OBrallaghan');
INSERT INTO managers(username, name,surname) VALUES ('scatheffnod72', 'Ari','Blindermann');
INSERT INTO managers(username, name,surname) VALUES ('tscraneffdge73', 'Nicol','Bagott');


INSERT INTO abonents(username,name,surname) VALUES ('lwinsbury0','Aurie','Steinson');
INSERT INTO abonents(username,name,surname) VALUES ('mmaps1','Tabby','Kittles');
INSERT INTO abonents(username,name,surname) VALUES ('wveysey2','Harland','Gossling');
INSERT INTO abonents(username,name,surname) VALUES ('pcastilla3','Malissia','Scarsbrick');
INSERT INTO abonents(username,name,surname) VALUES ('ealywen4','Carmine','Gagg');
INSERT INTO abonents(username,name,surname) VALUES ('fmaes5','Marsh','Kilmary');
INSERT INTO abonents(username,name,surname) VALUES ('ashacklady6','Feodor','Eisak');
INSERT INTO abonents(username,name,surname) VALUES ('jpastor7','Raf','Hubner');
INSERT INTO abonents(username,name,surname) VALUES ('rleitche8','Kelli','Juorio');
INSERT INTO abonents(username,name,surname) VALUES ('mvarvara9','Tamra','Thurston');
INSERT INTO abonents(username,name,surname) VALUES ('jlecounta','Bren','Jenney');
INSERT INTO abonents(username,name,surname) VALUES ('fkarmelb','Dom','Sacchetti');
INSERT INTO abonents(username,name,surname) VALUES ('apietrowiczc','Grantley','McAvey');
INSERT INTO abonents(username,name,surname) VALUES ('ksemechikd','Vevay','Matisoff');
INSERT INTO abonents(username,name,surname) VALUES ('kcavendishe','Alano','Trammel');
INSERT INTO abonents(username,name,surname) VALUES ('fferrilliof','Silvana','Wassell');
INSERT INTO abonents(username,name,surname) VALUES ('igrocockg','Christian','Crusham');
INSERT INTO abonents(username,name,surname) VALUES ('hsondlandh','Issi','Pellman');
INSERT INTO abonents(username,name,surname) VALUES ('espreyi','Armin','MacCaughey');
INSERT INTO abonents(username,name,surname) VALUES ('dsarrellj','Oriana','Remon');
INSERT INTO abonents(username,name,surname) VALUES ('lhuetk','Dallas','Vondra');
INSERT INTO abonents(username,name,surname) VALUES ('dgissopl','Oriana','Currum');
INSERT INTO abonents(username,name,surname) VALUES ('wbagbym','Ken','Condy');
INSERT INTO abonents(username,name,surname) VALUES ('ealgoren','Jemima','Cato');
INSERT INTO abonents(username,name,surname) VALUES ('hkennerleyo','Kissiah','McFee');
INSERT INTO abonents(username,name,surname) VALUES ('cbiagip','Tremain','Petkovic');
INSERT INTO abonents(username,name,surname) VALUES ('meberzq','Annetta','Basindale');
INSERT INTO abonents(username,name,surname) VALUES ('fbourr','Lynsey','Inchboard');
INSERT INTO abonents(username,name,surname) VALUES ('blinhams','Morey','Quimby');
INSERT INTO abonents(username,name,surname) VALUES ('wcrightont','Arleen','Adamec');
INSERT INTO abonents(username,name,surname) VALUES ('bsommerlingu','Leonidas','Latehouse');
INSERT INTO abonents(username,name,surname) VALUES ('ssacklerv','Ava','Walcher');
INSERT INTO abonents(username,name,surname) VALUES ('mmargramw','Abagail','Athersmith');
INSERT INTO abonents(username,name,surname) VALUES ('sholahx','Roseann','Gitsham');
INSERT INTO abonents(username,name,surname) VALUES ('skinnardy','Ethelind','Caddie');
INSERT INTO abonents(username,name,surname) VALUES ('epymerz','Hilario','Carmichael');
INSERT INTO abonents(username,name,surname) VALUES ('lrushworth10','Karel','Haliday');
INSERT INTO abonents(username,name,surname) VALUES ('iwalne11','Lelia','January 1st');
INSERT INTO abonents(username,name,surname) VALUES ('snansom12','Karilynn','Burley');
INSERT INTO abonents(username,name,surname) VALUES ('dheitz13','Lianna','Ghio');
INSERT INTO abonents(username,name,surname) VALUES ('gsimkovich14','Etan','Heaford');
INSERT INTO abonents(username,name,surname) VALUES ('cgrist15','Cheslie','Sokale');
INSERT INTO abonents(username,name,surname) VALUES ('vfreddi16','Silvano','Biffin');
INSERT INTO abonents(username,name,surname) VALUES ('ecauderlie17','Arlette','Dunbavin');
INSERT INTO abonents(username,name,surname) VALUES ('dbreukelman18','Aurelie','Cawt');
INSERT INTO abonents(username,name,surname) VALUES ('gespadate19','Alvina','Finden');
INSERT INTO abonents(username,name,surname) VALUES ('kleitch1a','Elysha','Skeat');
INSERT INTO abonents(username,name,surname) VALUES ('vdenver1b','Kathleen','Lumby');
INSERT INTO abonents(username,name,surname) VALUES ('dkraut1c','Iain','Wason');
INSERT INTO abonents(username,name,surname) VALUES ('cpurdie1d','Shirleen','Twamley');
INSERT INTO abonents(username,name,surname) VALUES ('nabels1e','Marsha','Ashmole');
INSERT INTO abonents(username,name,surname) VALUES ('rantoniat1f','Morie','Fausset');
INSERT INTO abonents(username,name,surname) VALUES ('aronchi1g','Wylie','Pedri');
INSERT INTO abonents(username,name,surname) VALUES ('cabrahamoff1h','Sydelle','Gauld');
INSERT INTO abonents(username,name,surname) VALUES ('tjoost1i','Beaufort','Pampling');
INSERT INTO abonents(username,name,surname) VALUES ('clibermore1j','Jinny','Camosso');
INSERT INTO abonents(username,name,surname) VALUES ('jsymcoxe1k','Ronalda','Duckerin');
INSERT INTO abonents(username,name,surname) VALUES ('oheigl1l','Bay','De Benedictis');
INSERT INTO abonents(username,name,surname) VALUES ('dvanbaaren1m','Cortie','Readmire');
INSERT INTO abonents(username,name,surname) VALUES ('hbritland1n','Dilan','Vinall');
INSERT INTO abonents(username,name,surname) VALUES ('bbartosch1o','Lezley','Phippin');
INSERT INTO abonents(username,name,surname) VALUES ('zespinos1p','Ingamar','Yerill');
INSERT INTO abonents(username,name,surname) VALUES ('hkinner1q','Derwin','Gimber');
INSERT INTO abonents(username,name,surname) VALUES ('wjendrusch1r','Chandal','Skelington');
INSERT INTO abonents(username,name,surname) VALUES ('mrubertis1s','Maritsa','Browell');
INSERT INTO abonents(username,name,surname) VALUES ('kgresch1t','Jody','Seagrove');
INSERT INTO abonents(username,name,surname) VALUES ('lbarrable1u','Ola','MacCombe');
INSERT INTO abonents(username,name,surname) VALUES ('gexposito1v','Margareta','Nurden');
INSERT INTO abonents(username,name,surname) VALUES ('egolsthorp1w','Rosy','Worg');
INSERT INTO abonents(username,name,surname) VALUES ('lcharlton1x','Erroll','Sarah');
INSERT INTO abonents(username,name,surname) VALUES ('cbeiderbeck1y','Ninnetta','Baldrey');
INSERT INTO abonents(username,name,surname) VALUES ('fzammett1z','Maighdiln','Ormrod');
INSERT INTO abonents(username,name,surname) VALUES ('ebellon20','Norean','Broadley');
INSERT INTO abonents(username,name,surname) VALUES ('tmiguel21','Ada','Forsdike');
INSERT INTO abonents(username,name,surname) VALUES ('adrayson22','Bondy','Toppin');
INSERT INTO abonents(username,name,surname) VALUES ('jgarfitt23','Anett','Boothe');
INSERT INTO abonents(username,name,surname) VALUES ('rszymanowski24','Penny','Soane');
INSERT INTO abonents(username,name,surname) VALUES ('jcowie25','Myrta','Bratch');
INSERT INTO abonents(username,name,surname) VALUES ('mhuster26','Birgitta','Stair');
INSERT INTO abonents(username,name,surname) VALUES ('bcrier27','Hadleigh','Shevlane');
INSERT INTO abonents(username,name,surname) VALUES ('mgettings28','Francesco','Cheeke');
INSERT INTO abonents(username,name,surname) VALUES ('afasse29','Karon','Liggins');
INSERT INTO abonents(username,name,surname) VALUES ('kconor2a','Suellen','Tomankiewicz');
INSERT INTO abonents(username,name,surname) VALUES ('dabrahm2b','Vaughn','Gibby');
INSERT INTO abonents(username,name,surname) VALUES ('hloftie2c','Risa','Carletto');
INSERT INTO abonents(username,name,surname) VALUES ('smcconigal2d','Elmer','Meach');
INSERT INTO abonents(username,name,surname) VALUES ('eketchaside2e','Gusty','Deetch');
INSERT INTO abonents(username,name,surname) VALUES ('granns2f','Arney','Abbots');
INSERT INTO abonents(username,name,surname) VALUES ('lwillox2g','Dredi','Arnot');
INSERT INTO abonents(username,name,surname) VALUES ('pdanahar2h','Rafaellle','Ligoe');
INSERT INTO abonents(username,name,surname) VALUES ('agotch2i','Abel','Darwin');
INSERT INTO abonents(username,name,surname) VALUES ('rcharlewood2j','Dion','Bengtsen');
INSERT INTO abonents(username,name,surname) VALUES ('lfruen2k','Mahalia','Morando');
INSERT INTO abonents(username,name,surname) VALUES ('ccarluccio2l','Erroll','Stubbs');
INSERT INTO abonents(username,name,surname) VALUES ('sblowne2m','Starlin','Yatman');
INSERT INTO abonents(username,name,surname) VALUES ('leskrigge2n','Truda','Marquis');
INSERT INTO abonents(username,name,surname) VALUES ('wstallon2o','Menard','Frude');
INSERT INTO abonents(username,name,surname) VALUES ('tstiebler2p','Beryl','Burwin');
INSERT INTO abonents(username,name,surname) VALUES ('umacilraith2q','Deva','MacCoughan');
INSERT INTO abonents(username,name,surname) VALUES ('otwitty2r','Ivor','Hamly');
INSERT INTO abonents(username,name,surname) VALUES ('lsandbatch2s','Obadias','Cumpsty');
INSERT INTO abonents(username,name,surname) VALUES ('jbettleson2t','Elspeth','Bluschke');
INSERT INTO abonents(username,name,surname) VALUES ('ksinderland2u','Calli','Cominello');
INSERT INTO abonents(username,name,surname) VALUES ('dapperley2v','Chelsey','Shutte');
INSERT INTO abonents(username,name,surname) VALUES ('olemmens2w','Erastus','Leaney');
INSERT INTO abonents(username,name,surname) VALUES ('mkubera2x','Jamill','Challener');
INSERT INTO abonents(username,name,surname) VALUES ('kchesshire2y','Britt','Raecroft');
INSERT INTO abonents(username,name,surname) VALUES ('lboxer2z','Cinda','Kondratenya');
INSERT INTO abonents(username,name,surname) VALUES ('emoubray30','Constance','Mowsdale');
INSERT INTO abonents(username,name,surname) VALUES ('kcusiter31','Alasdair','Samart');
INSERT INTO abonents(username,name,surname) VALUES ('hjensen32','Eydie','Bonny');
INSERT INTO abonents(username,name,surname) VALUES ('lcust33','Randee','Goreisr');
INSERT INTO abonents(username,name,surname) VALUES ('omcrorie34','Adara','Lodden');
INSERT INTO abonents(username,name,surname) VALUES ('mmeir35','Dwight','Eccleston');
INSERT INTO abonents(username,name,surname) VALUES ('hdobbyn36','Margalit','McBeath');
INSERT INTO abonents(username,name,surname) VALUES ('mrouby37','Faunie','Abrahami');
INSERT INTO abonents(username,name,surname) VALUES ('bspaingower38','Bard','Grayling');
INSERT INTO abonents(username,name,surname) VALUES ('pferrucci39','Noble','Cruxton');
INSERT INTO abonents(username,name,surname) VALUES ('ctabbitt3a','Rhoda','Grzesiak');
INSERT INTO abonents(username,name,surname) VALUES ('nquince3b','Carlynne','Lamond');
INSERT INTO abonents(username,name,surname) VALUES ('ekopta3c','Kiersten','Youngs');
INSERT INTO abonents(username,name,surname) VALUES ('athandi3d','Norean','Tuer');
INSERT INTO abonents(username,name,surname) VALUES ('dmacconachy3e','Bogey','Seager');
INSERT INTO abonents(username,name,surname) VALUES ('tslides3f','Domini','Spear');
INSERT INTO abonents(username,name,surname) VALUES ('mvedenyapin3g','Gael','Gamblin');
INSERT INTO abonents(username,name,surname) VALUES ('ktetther3h','Calv','Rostern');
INSERT INTO abonents(username,name,surname) VALUES ('cyashunin3i','Algernon','Esparza');
INSERT INTO abonents(username,name,surname) VALUES ('vfaier3j','Cecilia','Ruddell');
INSERT INTO abonents(username,name,surname) VALUES ('lcottesford3k','Finley','Gorman');
INSERT INTO abonents(username,name,surname) VALUES ('fjorio3l','Mordy','Milliere');
INSERT INTO abonents(username,name,surname) VALUES ('ndorset3m','Gael','Gofford');
INSERT INTO abonents(username,name,surname) VALUES ('epauleau3n','Bondon','Benduhn');
INSERT INTO abonents(username,name,surname) VALUES ('hwatterson3o','Bobbie','Wiggington');
INSERT INTO abonents(username,name,surname) VALUES ('djedrachowicz3p','Josh','Eakins');
INSERT INTO abonents(username,name,surname) VALUES ('cfurnell3q','Maudie','Styant');
INSERT INTO abonents(username,name,surname) VALUES ('pbaskerville3r','Stephan','Covotti');
INSERT INTO abonents(username,name,surname) VALUES ('corviss3s','Andrus','Fraulo');
INSERT INTO abonents(username,name,surname) VALUES ('dbygreaves3t','Gilles','Grouen');
INSERT INTO abonents(username,name,surname) VALUES ('ktolputt3u','Aksel','Collocott');
INSERT INTO abonents(username,name,surname) VALUES ('apetroff3v','Emory','Marden');
INSERT INTO abonents(username,name,surname) VALUES ('daguirrezabala3w','Brendan','Lightbown');
INSERT INTO abonents(username,name,surname) VALUES ('ocollishaw3x','Tina','Vigours');
INSERT INTO abonents(username,name,surname) VALUES ('jbushnell3y','Paxton','Bachelor');
INSERT INTO abonents(username,name,surname) VALUES ('ygrunson3z','Joceline','Jiroutka');
INSERT INTO abonents(username,name,surname) VALUES ('kwhardley40','Chelsy','Philippou');
INSERT INTO abonents(username,name,surname) VALUES ('thousley41','Virgil','Kenn');
INSERT INTO abonents(username,name,surname) VALUES ('avakhrushin42','Lexy','Thornbarrow');
INSERT INTO abonents(username,name,surname) VALUES ('asouttar43','Auberta','Kynder');
INSERT INTO abonents(username,name,surname) VALUES ('kspick44','Parnell','Hook');
INSERT INTO abonents(username,name,surname) VALUES ('dchetwin45','Nisse','Allward');
INSERT INTO abonents(username,name,surname) VALUES ('rarnoll46','Garrard','Rowena');
INSERT INTO abonents(username,name,surname) VALUES ('mdossettor47','Myrle','McMoyer');
INSERT INTO abonents(username,name,surname) VALUES ('mswyndley48','Eleen','Kidgell');
INSERT INTO abonents(username,name,surname) VALUES ('mchatfield49','Wyndham','Anfrey');
INSERT INTO abonents(username,name,surname) VALUES ('lmistry4a','Garrott','Kippling');
INSERT INTO abonents(username,name,surname) VALUES ('jjellings4b','Carlie','Leigh');
INSERT INTO abonents(username,name,surname) VALUES ('whargreaves4c','Phebe','Ardley');
INSERT INTO abonents(username,name,surname) VALUES ('mweedon4d','Alejoa','Mordey');
INSERT INTO abonents(username,name,surname) VALUES ('pgouch4e','Harv','Sprey');
INSERT INTO abonents(username,name,surname) VALUES ('zcliffe4f','Archambault','Shasnan');
INSERT INTO abonents(username,name,surname) VALUES ('nlindenbluth4g','Reg','Keyho');
INSERT INTO abonents(username,name,surname) VALUES ('rprover4h','Darb','Dubarry');
INSERT INTO abonents(username,name,surname) VALUES ('zbasten4i','Leola','Havis');
INSERT INTO abonents(username,name,surname) VALUES ('dgibbings4j','Amalita','Leishman');
INSERT INTO abonents(username,name,surname) VALUES ('lcroutear4k','Oralie','Very');
INSERT INTO abonents(username,name,surname) VALUES ('glitton4l','Alyosha','Fenelon');
INSERT INTO abonents(username,name,surname) VALUES ('rseary4m','Coop','Wike');
INSERT INTO abonents(username,name,surname) VALUES ('tconaghy4n','Nicki','McCoveney');
INSERT INTO abonents(username,name,surname) VALUES ('sbrussels4o','Llywellyn','Linebarger');
INSERT INTO abonents(username,name,surname) VALUES ('rchellam4p','Arabelle','Redsall');
INSERT INTO abonents(username,name,surname) VALUES ('mdonaldson4q','Marie','Fransman');
INSERT INTO abonents(username,name,surname) VALUES ('ysummerson4r','Bunnie','Callear');
INSERT INTO abonents(username,name,surname) VALUES ('gfiltness4s','Eldin','Arondel');
INSERT INTO abonents(username,name,surname) VALUES ('rmonahan4t','Aeriell','Gerrad');
INSERT INTO abonents(username,name,surname) VALUES ('mdrewery4u','Ferd','Bantham');
INSERT INTO abonents(username,name,surname) VALUES ('nrougier4v','Shana','Beardshaw');
INSERT INTO abonents(username,name,surname) VALUES ('owardhough4w','Adara','Skidmore');
INSERT INTO abonents(username,name,surname) VALUES ('nfysh4x','Gilbertina','Lesley');
INSERT INTO abonents(username,name,surname) VALUES ('ljurick4y','Clemmy','Yarn');
INSERT INTO abonents(username,name,surname) VALUES ('acargenven4z','Betsey','Tidbury');
INSERT INTO abonents(username,name,surname) VALUES ('kquinn50','Nola','Empson');
INSERT INTO abonents(username,name,surname) VALUES ('rmartinyuk51','Adelle','Sprouls');
INSERT INTO abonents(username,name,surname) VALUES ('dedinborough52','Gerrilee','Manass');
INSERT INTO abonents(username,name,surname) VALUES ('ospridgeon53','Sergei','Robertshaw');
INSERT INTO abonents(username,name,surname) VALUES ('lsautter54','Arie','Plant');
INSERT INTO abonents(username,name,surname) VALUES ('cbosanko55','Issi','Jedrasik');
INSERT INTO abonents(username,name,surname) VALUES ('rwillas56','Ainsley','Whiteson');
INSERT INTO abonents(username,name,surname) VALUES ('tdesbrow57','Lotta','Lindley');
INSERT INTO abonents(username,name,surname) VALUES ('agelland58','Thorndike','Wrixon');
INSERT INTO abonents(username,name,surname) VALUES ('kganter59','Kimberly','Kyndred');
INSERT INTO abonents(username,name,surname) VALUES ('mkewley5a','Holly','Sappson');
INSERT INTO abonents(username,name,surname) VALUES ('vscholl5b','Sande','Skotcher');
INSERT INTO abonents(username,name,surname) VALUES ('cyabsley5c','Hayyim','Force');
INSERT INTO abonents(username,name,surname) VALUES ('fharrison5d','Jose','Shanks');
INSERT INTO abonents(username,name,surname) VALUES ('bbetjeman5e','Mignon','Bissell');
INSERT INTO abonents(username,name,surname) VALUES ('hdolley5f','Pennie','Raynor');
INSERT INTO abonents(username,name,surname) VALUES ('cgalsworthy5g','Doreen','Roels');
INSERT INTO abonents(username,name,surname) VALUES ('jlarwell5h','Zara','Senten');
INSERT INTO abonents(username,name,surname) VALUES ('lclemmen5i','Margo','Wraight');
INSERT INTO abonents(username,name,surname) VALUES ('mdenisyuk5j','Dian','Pingstone');
INSERT INTO abonents(username,name,surname) VALUES ('djaan5k','Dinah','Pankhurst.');
INSERT INTO abonents(username,name,surname) VALUES ('mcawsey5l','Inez','Vannini');
INSERT INTO abonents(username,name,surname) VALUES ('ggillow5m','Hamil','Corney');
INSERT INTO abonents(username,name,surname) VALUES ('mpaddingdon5n','Renell','Merck');
INSERT INTO abonents(username,name,surname) VALUES ('gcapper5o','Edythe','Schettini');
INSERT INTO abonents(username,name,surname) VALUES ('epettinger5p','Carmelle','Leyzell');
INSERT INTO abonents(username,name,surname) VALUES ('vcaulliere5q','Allix','Lindsley');
INSERT INTO abonents(username,name,surname) VALUES ('cfeedham5r','Richie','Hartopp');
INSERT INTO abonents(username,name,surname) VALUES ('acosta5s','Mychal','Cundict');
INSERT INTO abonents(username,name,surname) VALUES ('bmenier5t','Pearce','Lucus');
INSERT INTO abonents(username,name,surname) VALUES ('fnapier5u','Amabelle','Morch');
INSERT INTO abonents(username,name,surname) VALUES ('dredmell5v','Elaina','Gladwin');
INSERT INTO abonents(username,name,surname) VALUES ('gcompton5w','Linea','Lidierth');
INSERT INTO abonents(username,name,surname) VALUES ('vgaffer5x','Dedie','Matitiaho');
INSERT INTO abonents(username,name,surname) VALUES ('egwilliam5y','Ronda','Perford');
INSERT INTO abonents(username,name,surname) VALUES ('cbeckwith5z','Piper','Huff');
INSERT INTO abonents(username,name,surname) VALUES ('ktofts60','Mill','Bernadon');
INSERT INTO abonents(username,name,surname) VALUES ('cmumbray61','Amelina','Cardow');
INSERT INTO abonents(username,name,surname) VALUES ('atelezhkin62','Bethina','Folonin');
INSERT INTO abonents(username,name,surname) VALUES ('tantonutti63','Larry','Cogdon');
INSERT INTO abonents(username,name,surname) VALUES ('fartois64','Jsandye','Merrydew');
INSERT INTO abonents(username,name,surname) VALUES ('fharbage65','Denise','Terne');
INSERT INTO abonents(username,name,surname) VALUES ('wchanders66','Garek','Asbery');
INSERT INTO abonents(username,name,surname) VALUES ('gdevries67','Robbie','Primett');
INSERT INTO abonents(username,name,surname) VALUES ('wclemett68','Berne','Budgeon');
INSERT INTO abonents(username,name,surname) VALUES ('iandrzej69','Sutherland','Hellmer');
INSERT INTO abonents(username,name,surname) VALUES ('trisby6a','Frayda','Trigg');
INSERT INTO abonents(username,name,surname) VALUES ('esiaspinski6b','Chrotoem','Sisland');
INSERT INTO abonents(username,name,surname) VALUES ('jmacewan6c','Demetra','Gelletly');
INSERT INTO abonents(username,name,surname) VALUES ('hbowld6d','Haydon','Meaney');
INSERT INTO abonents(username,name,surname) VALUES ('rkryska6e','Lisa','Whapple');
INSERT INTO abonents(username,name,surname) VALUES ('wdurdle6f','Lorelei','Bycraft');
INSERT INTO abonents(username,name,surname) VALUES ('fhooke6g','Ev','Annakin');
INSERT INTO abonents(username,name,surname) VALUES ('rtonepohl6h','Fairlie','Budding');
INSERT INTO abonents(username,name,surname) VALUES ('tratie6i','Harlie','Gaenor');
INSERT INTO abonents(username,name,surname) VALUES ('mchessor6j','Rodge','Bywaters');
INSERT INTO abonents(username,name,surname) VALUES ('wmatiasek6k','Cinnamon','Iannini');
INSERT INTO abonents(username,name,surname) VALUES ('mgoslin6l','Marti','Tortice');
INSERT INTO abonents(username,name,surname) VALUES ('ibaldassi6m','Rosemonde','Serridge');
INSERT INTO abonents(username,name,surname) VALUES ('cgribble6n','Ronni','Lukock');
INSERT INTO abonents(username,name,surname) VALUES ('godornan6o','Becka','Linger');
INSERT INTO abonents(username,name,surname) VALUES ('gdavidovich6p','Maudie','Woodroofe');
INSERT INTO abonents(username,name,surname) VALUES ('aborrows6q','Rozella','Bentinck');
INSERT INTO abonents(username,name,surname) VALUES ('aleasor6r','Donovan','Poe');
INSERT INTO abonents(username,name,surname) VALUES ('jmcanulty6s','Sheffy','Marsay');
INSERT INTO abonents(username,name,surname) VALUES ('dgilbey6t','Latisha','Leeburn');
INSERT INTO abonents(username,name,surname) VALUES ('rlinton6u','Wenda','Antoniazzi');
INSERT INTO abonents(username,name,surname) VALUES ('whabbeshaw6v','Carlota','Gunston');
INSERT INTO abonents(username,name,surname) VALUES ('sions6w','Timothee','Hethron');
INSERT INTO abonents(username,name,surname) VALUES ('dwilber6x','Zerk','Haddow');
INSERT INTO abonents(username,name,surname) VALUES ('cparnell6y','Myles','Cosley');
INSERT INTO abonents(username,name,surname) VALUES ('mbastone6z','Odetta','Arkin');
INSERT INTO abonents(username,name,surname) VALUES ('htaft70','Poul','Moses');
INSERT INTO abonents(username,name,surname) VALUES ('lfitzpayn71','Brear','Reames');
INSERT INTO abonents(username,name,surname) VALUES ('cporteous72','Marga','Meale');
INSERT INTO abonents(username,name,surname) VALUES ('gscimonelli73','Marylin','Siddall');

insert into sub_info (number, tariff, money) values ('79037735177', '11', 369);
insert into sub_info (number, tariff, money) values ('70089616184', '82', 243);
insert into sub_info (number, tariff, money) values ('73391806870', '82', 352);
insert into sub_info (number, tariff, money) values ('77546732550', '82', 370);
insert into sub_info (number, tariff, money) values ('78373371681', '82', 404);
insert into sub_info (number, tariff, money) values ('77870781031', '82', 246);
insert into sub_info (number, tariff, money) values ('77528895038', '82', 525);
insert into sub_info (number, tariff, money) values ('72761931000', '82', 385);
insert into sub_info (number, tariff, money) values ('76211720622', '82', 519);
insert into sub_info (number, tariff, money) values ('70922615768', '82', 392);
insert into sub_info (number, tariff, money) values ('78760801323', '82', 574);
insert into sub_info (number, tariff, money) values ('73509083216', '82', 367);
insert into sub_info (number, tariff, money) values ('79219394678', '82', 353);
insert into sub_info (number, tariff, money) values ('70921882434', '11', 206);
insert into sub_info (number, tariff, money) values ('75179478512', '82', 219);
insert into sub_info (number, tariff, money) values ('77381586833', '82', 405);
insert into sub_info (number, tariff, money) values ('74731884764', '82', 445);
insert into sub_info (number, tariff, money) values ('78096916625', '11', 506);
insert into sub_info (number, tariff, money) values ('78336652282', '82', 208);
insert into sub_info (number, tariff, money) values ('71193049367', '11', 269);
insert into sub_info (number, tariff, money) values ('74588650329', '11', 390);
insert into sub_info (number, tariff, money) values ('76320966868', '82', 489);
insert into sub_info (number, tariff, money) values ('78496230986', '82', 358);
insert into sub_info (number, tariff, money) values ('78929642893', '11', 200);
insert into sub_info (number, tariff, money) values ('71102629758', '11', 539);
insert into sub_info (number, tariff, money) values ('74229002297', '11', 319);
insert into sub_info (number, tariff, money) values ('74249249843', '82', 527);
insert into sub_info (number, tariff, money) values ('77875458541', '82', 578);
insert into sub_info (number, tariff, money) values ('71700056445', '82', 508);
insert into sub_info (number, tariff, money) values ('73368963864', '82', 240);
insert into sub_info (number, tariff, money) values ('75659850187', '11', 527);
insert into sub_info (number, tariff, money) values ('78939860659', '11', 342);
insert into sub_info (number, tariff, money) values ('70410723236', '82', 537);
insert into sub_info (number, tariff, money) values ('71479388291', '82', 439);
insert into sub_info (number, tariff, money) values ('76729018712', '03', 209);
insert into sub_info (number, tariff, money) values ('76127586340', '03', 229);
insert into sub_info (number, tariff, money) values ('77195980871', '03', 210);
insert into sub_info (number, tariff, money) values ('70504184126', '11', 411);
insert into sub_info (number, tariff, money) values ('77774484793', '03', 240);
insert into sub_info (number, tariff, money) values ('78622285019', '82', 361);
insert into sub_info (number, tariff, money) values ('76250640056', '03', 600);
insert into sub_info (number, tariff, money) values ('78627122018', '82', 280);
insert into sub_info (number, tariff, money) values ('77165916026', '82', 398);
insert into sub_info (number, tariff, money) values ('76250763703', '82', 472);
insert into sub_info (number, tariff, money) values ('79641483249', '82', 263);
insert into sub_info (number, tariff, money) values ('72492402083', '82', 421);
insert into sub_info (number, tariff, money) values ('79607001892', '82', 315);
insert into sub_info (number, tariff, money) values ('77742281123', '11', 237);
insert into sub_info (number, tariff, money) values ('79577176191', '03', 514);
insert into sub_info (number, tariff, money) values ('71023199753', '82', 404);
insert into sub_info (number, tariff, money) values ('76348515682', '11', 357);
insert into sub_info (number, tariff, money) values ('71707938257', '11', 418);
insert into sub_info (number, tariff, money) values ('70745869739', '03', 543);
insert into sub_info (number, tariff, money) values ('70283322305', '03', 456);
insert into sub_info (number, tariff, money) values ('79344176374', '11', 449);
insert into sub_info (number, tariff, money) values ('76200522318', '03', 329);
insert into sub_info (number, tariff, money) values ('73752403663', '82', 394);
insert into sub_info (number, tariff, money) values ('73398511218', '82', 489);
insert into sub_info (number, tariff, money) values ('76044232457', '11', 546);
insert into sub_info (number, tariff, money) values ('77773269163', '82', 222);
insert into sub_info (number, tariff, money) values ('79568389298', '82', 234);
insert into sub_info (number, tariff, money) values ('72200712996', '82', 523);
insert into sub_info (number, tariff, money) values ('79986154621', '82', 323);
insert into sub_info (number, tariff, money) values ('76910192520', '03', 493);
insert into sub_info (number, tariff, money) values ('75731305310', '82', 231);
insert into sub_info (number, tariff, money) values ('75711202202', '82', 501);
insert into sub_info (number, tariff, money) values ('75096120225', '03', 496);
insert into sub_info (number, tariff, money) values ('71333700893', '82', 434);
insert into sub_info (number, tariff, money) values ('72103147003', '82', 336);
insert into sub_info (number, tariff, money) values ('71440560418', '82', 471);
insert into sub_info (number, tariff, money) values ('71307411614', '82', 259);
insert into sub_info (number, tariff, money) values ('71312974628', '03', 424);
insert into sub_info (number, tariff, money) values ('73824242318', '82', 471);
insert into sub_info (number, tariff, money) values ('76220126144', '11', 352);
insert into sub_info (number, tariff, money) values ('70383222078', '82', 290);
insert into sub_info (number, tariff, money) values ('71630433177', '82', 322);
insert into sub_info (number, tariff, money) values ('70213254665', '03', 212);
insert into sub_info (number, tariff, money) values ('73497350740', '82', 267);
insert into sub_info (number, tariff, money) values ('71600951516', '82', 456);
insert into sub_info (number, tariff, money) values ('75869870406', '11', 584);
insert into sub_info (number, tariff, money) values ('75778947586', '82', 507);
insert into sub_info (number, tariff, money) values ('71651575035', '82', 269);
insert into sub_info (number, tariff, money) values ('76246750109', '03', 246);
insert into sub_info (number, tariff, money) values ('78734052790', '82', 496);
insert into sub_info (number, tariff, money) values ('71066149098', '03', 520);
insert into sub_info (number, tariff, money) values ('79097681658', '11', 455);
insert into sub_info (number, tariff, money) values ('70257071901', '82', 416);
insert into sub_info (number, tariff, money) values ('70604397115', '82', 353);
insert into sub_info (number, tariff, money) values ('70549212957', '03', 353);
insert into sub_info (number, tariff, money) values ('70049815660', '82', 219);
insert into sub_info (number, tariff, money) values ('77135649763', '82', 306);
insert into sub_info (number, tariff, money) values ('78938682020', '82', 526);
insert into sub_info (number, tariff, money) values ('76829938255', '82', 478);
insert into sub_info (number, tariff, money) values ('75490760583', '82', 499);
insert into sub_info (number, tariff, money) values ('79642555943', '03', 556);
insert into sub_info (number, tariff, money) values ('76841400642', '11', 223);
insert into sub_info (number, tariff, money) values ('75587929501', '11', 425);
insert into sub_info (number, tariff, money) values ('73657156623', '82', 541);
insert into sub_info (number, tariff, money) values ('75393523042', '82', 365);
insert into sub_info (number, tariff, money) values ('78776026108', '82', 494);
insert into sub_info (number, tariff, money) values ('70714457128', '11', 575);
insert into sub_info (number, tariff, money) values ('78216495426', '82', 359);
insert into sub_info (number, tariff, money) values ('77579528841', '82', 463);
insert into sub_info (number, tariff, money) values ('78454150956', '11', 380);
insert into sub_info (number, tariff, money) values ('70136926622', '03', 239);
insert into sub_info (number, tariff, money) values ('74545388770', '03', 293);
insert into sub_info (number, tariff, money) values ('78728922935', '82', 520);
insert into sub_info (number, tariff, money) values ('70203443579', '11', 525);
insert into sub_info (number, tariff, money) values ('72974248870', '03', 536);
insert into sub_info (number, tariff, money) values ('78755305068', '82', 447);
insert into sub_info (number, tariff, money) values ('74346370595', '82', 303);
insert into sub_info (number, tariff, money) values ('75109512132', '82', 301);
insert into sub_info (number, tariff, money) values ('74153665340', '03', 476);
insert into sub_info (number, tariff, money) values ('71835979768', '82', 428);
insert into sub_info (number, tariff, money) values ('76355991813', '82', 594);
insert into sub_info (number, tariff, money) values ('71963961553', '82', 267);
insert into sub_info (number, tariff, money) values ('71777065674', '82', 342);
insert into sub_info (number, tariff, money) values ('72983561123', '11', 430);
insert into sub_info (number, tariff, money) values ('76835926023', '03', 293);
insert into sub_info (number, tariff, money) values ('70338741988', '82', 343);
insert into sub_info (number, tariff, money) values ('75046819499', '03', 347);
insert into sub_info (number, tariff, money) values ('74839714468', '82', 264);
insert into sub_info (number, tariff, money) values ('79674736235', '82', 378);
insert into sub_info (number, tariff, money) values ('73835072637', '82', 367);
insert into sub_info (number, tariff, money) values ('70208813444', '03', 330);
insert into sub_info (number, tariff, money) values ('71686780911', '03', 552);
insert into sub_info (number, tariff, money) values ('76558410245', '82', 371);
insert into sub_info (number, tariff, money) values ('72440068849', '82', 530);
insert into sub_info (number, tariff, money) values ('72944488403', '82', 330);
insert into sub_info (number, tariff, money) values ('77463062585', '82', 308);
insert into sub_info (number, tariff, money) values ('74733496369', '82', 464);
insert into sub_info (number, tariff, money) values ('78719504959', '82', 268);
insert into sub_info (number, tariff, money) values ('70884926832', '82', 510);
insert into sub_info (number, tariff, money) values ('78582818736', '82', 224);
insert into sub_info (number, tariff, money) values ('72897562838', '82', 388);
insert into sub_info (number, tariff, money) values ('71845481801', '11', 394);
insert into sub_info (number, tariff, money) values ('78677204329', '03', 363);
insert into sub_info (number, tariff, money) values ('75612513326', '11', 282);
insert into sub_info (number, tariff, money) values ('77652988019', '82', 519);
insert into sub_info (number, tariff, money) values ('79994786336', '11', 548);
insert into sub_info (number, tariff, money) values ('71748492850', '82', 436);
insert into sub_info (number, tariff, money) values ('72833845984', '82', 235);
insert into sub_info (number, tariff, money) values ('74442664833', '11', 388);
insert into sub_info (number, tariff, money) values ('78459856720', '82', 320);
insert into sub_info (number, tariff, money) values ('71014442116', '82', 496);
insert into sub_info (number, tariff, money) values ('74656812422', '82', 481);
insert into sub_info (number, tariff, money) values ('77415440413', '82', 337);
insert into sub_info (number, tariff, money) values ('75020890641', '82', 298);
insert into sub_info (number, tariff, money) values ('77194120002', '03', 445);
insert into sub_info (number, tariff, money) values ('79120372997', '82', 564);
insert into sub_info (number, tariff, money) values ('79227862604', '82', 522);
insert into sub_info (number, tariff, money) values ('76285274468', '82', 223);
insert into sub_info (number, tariff, money) values ('71212684202', '11', 259);
insert into sub_info (number, tariff, money) values ('75413714966', '03', 318);
insert into sub_info (number, tariff, money) values ('77518612513', '82', 516);
insert into sub_info (number, tariff, money) values ('70499616775', '82', 318);
insert into sub_info (number, tariff, money) values ('74831754319', '11', 442);
insert into sub_info (number, tariff, money) values ('70832294233', '82', 338);
insert into sub_info (number, tariff, money) values ('75544308769', '03', 348);
insert into sub_info (number, tariff, money) values ('77082635061', '82', 227);
insert into sub_info (number, tariff, money) values ('78605993485', '11', 576);
insert into sub_info (number, tariff, money) values ('78468633686', '82', 259);
insert into sub_info (number, tariff, money) values ('71526028682', '11', 305);
insert into sub_info (number, tariff, money) values ('72593458050', '82', 243);
insert into sub_info (number, tariff, money) values ('77685897746', '82', 534);
insert into sub_info (number, tariff, money) values ('75965951732', '82', 514);
insert into sub_info (number, tariff, money) values ('76987360871', '11', 536);
insert into sub_info (number, tariff, money) values ('79236417076', '82', 564);
insert into sub_info (number, tariff, money) values ('75494909429', '82', 400);
insert into sub_info (number, tariff, money) values ('78137895158', '11', 323);
insert into sub_info (number, tariff, money) values ('74041680160', '82', 303);
insert into sub_info (number, tariff, money) values ('72793413998', '82', 469);
insert into sub_info (number, tariff, money) values ('73992366509', '82', 400);
insert into sub_info (number, tariff, money) values ('73575678266', '82', 439);
insert into sub_info (number, tariff, money) values ('78631204575', '82', 321);
insert into sub_info (number, tariff, money) values ('76531401699', '82', 481);
insert into sub_info (number, tariff, money) values ('76005095842', '82', 376);
insert into sub_info (number, tariff, money) values ('73343443103', '82', 524);
insert into sub_info (number, tariff, money) values ('79871316880', '82', 401);
insert into sub_info (number, tariff, money) values ('78441451180', '82', 371);
insert into sub_info (number, tariff, money) values ('78621600214', '82', 551);
insert into sub_info (number, tariff, money) values ('72966197941', '82', 562);
insert into sub_info (number, tariff, money) values ('75475735588', '82', 481);
insert into sub_info (number, tariff, money) values ('74149599437', '82', 253);
insert into sub_info (number, tariff, money) values ('74157691097', '82', 398);
insert into sub_info (number, tariff, money) values ('71843773357', '03', 373);
insert into sub_info (number, tariff, money) values ('74126390705', '82', 435);
insert into sub_info (number, tariff, money) values ('76096774730', '03', 301);
insert into sub_info (number, tariff, money) values ('74286702360', '82', 324);
insert into sub_info (number, tariff, money) values ('75368322844', '11', 411);
insert into sub_info (number, tariff, money) values ('72959074070', '82', 212);
insert into sub_info (number, tariff, money) values ('74812436381', '11', 328);
insert into sub_info (number, tariff, money) values ('74367594472', '82', 277);
insert into sub_info (number, tariff, money) values ('71054052516', '11', 565);
insert into sub_info (number, tariff, money) values ('78122925427', '11', 330);
insert into sub_info (number, tariff, money) values ('74466442861', '82', 354);
insert into sub_info (number, tariff, money) values ('73129536514', '82', 206);
insert into sub_info (number, tariff, money) values ('71676258450', '11', 300);
insert into sub_info (number, tariff, money) values ('74075384968', '11', 598);
insert into sub_info (number, tariff, money) values ('73687900275', '82', 247);
insert into sub_info (number, tariff, money) values ('72204643436', '11', 307);
insert into sub_info (number, tariff, money) values ('74970699569', '82', 210);
insert into sub_info (number, tariff, money) values ('77260626018', '03', 517);
insert into sub_info (number, tariff, money) values ('78653619399', '11', 374);
insert into sub_info (number, tariff, money) values ('72510138102', '82', 525);
insert into sub_info (number, tariff, money) values ('75623269779', '82', 202);
insert into sub_info (number, tariff, money) values ('79937609770', '03', 271);
insert into sub_info (number, tariff, money) values ('76819694299', '82', 550);
insert into sub_info (number, tariff, money) values ('77633267585', '11', 530);
insert into sub_info (number, tariff, money) values ('76050505558', '82', 582);
insert into sub_info (number, tariff, money) values ('71031798139', '82', 521);
insert into sub_info (number, tariff, money) values ('72478629236', '82', 223);
insert into sub_info (number, tariff, money) values ('74466069947', '82', 303);
insert into sub_info (number, tariff, money) values ('72345205541', '11', 583);
insert into sub_info (number, tariff, money) values ('77092807082', '82', 308);
insert into sub_info (number, tariff, money) values ('75257679438', '82', 571);
insert into sub_info (number, tariff, money) values ('72278527580', '82', 362);
insert into sub_info (number, tariff, money) values ('78696362182', '03', 539);
insert into sub_info (number, tariff, money) values ('72279954397', '82', 420);
insert into sub_info (number, tariff, money) values ('72884269554', '11', 452);
insert into sub_info (number, tariff, money) values ('79378746406', '82', 480);
insert into sub_info (number, tariff, money) values ('79084384129', '82', 336);
insert into sub_info (number, tariff, money) values ('73123245719', '82', 558);
insert into sub_info (number, tariff, money) values ('75838043030', '11', 489);
insert into sub_info (number, tariff, money) values ('73587683954', '82', 467);
insert into sub_info (number, tariff, money) values ('74919029252', '82', 385);
insert into sub_info (number, tariff, money) values ('74799913904', '82', 361);
insert into sub_info (number, tariff, money) values ('76951007529', '03', 463);
insert into sub_info (number, tariff, money) values ('76458202859', '82', 205);
insert into sub_info (number, tariff, money) values ('78318765761', '11', 543);
insert into sub_info (number, tariff, money) values ('74080957195', '11', 277);
insert into sub_info (number, tariff, money) values ('70724788406', '82', 529);
insert into sub_info (number, tariff, money) values ('78797087917', '03', 577);
insert into sub_info (number, tariff, money) values ('72067334061', '82', 555);
insert into sub_info (number, tariff, money) values ('79646700542', '82', 596);
insert into sub_info (number, tariff, money) values ('77513517424', '11', 351);
insert into sub_info (number, tariff, money) values ('75059573912', '11', 596);
insert into sub_info (number, tariff, money) values ('72223931270', '03', 529);
insert into sub_info (number, tariff, money) values ('73446989519', '11', 295);
insert into sub_info (number, tariff, money) values ('79092299631', '82', 335);
insert into sub_info (number, tariff, money) values ('72441234227', '11', 482);
insert into sub_info (number, tariff, money) values ('71520019409', '82', 302);
insert into sub_info (number, tariff, money) values ('74524896086', '82', 293);
insert into sub_info (number, tariff, money) values ('72636046610', '82', 498);
insert into sub_info (number, tariff, money) values ('75849289966', '82', 496);
insert into sub_info (number, tariff, money) values ('77295609428', '03', 567);
insert into sub_info (number, tariff, money) values ('73784807697', '82', 240);
insert into sub_info (number, tariff, money) values ('70424955728', '03', 256);
insert into sub_info (number, tariff, money) values ('73230276148', '82', 394);
insert into sub_info (number, tariff, money) values ('78769759912', '82', 315);
insert into sub_info (number, tariff, money) values ('74937171450', '11', 481);
insert into sub_info (number, tariff, money) values ('79141647097', '82', 426);
insert into sub_info (number, tariff, money) values ('75592931016', '82', 513);
insert into sub_info (number, tariff, money) values ('78614168188', '82', 350);
insert into sub_info (number, tariff, money) values ('72337677378', '82', 344);
insert into sub_info (number, tariff, money) values ('77546712260', '03', 593);
insert into sub_info (number, tariff, money) values ('75084962850', '03', 471);
insert into sub_info (number, tariff, money) values ('75382821802', '03', 425);
insert into sub_info (number, tariff, money) values ('71732968357', '11', 230);
insert into sub_info (number, tariff, money) values ('79942599488', '82', 588);
insert into sub_info (number, tariff, money) values ('77873111371', '82', 536);
insert into sub_info (number, tariff, money) values ('71781342136', '03', 378);
insert into sub_info (number, tariff, money) values ('79526223045', '11', 275);
insert into sub_info (number, tariff, money) values ('79068265271', '82', 253);
insert into sub_info (number, tariff, money) values ('78820356881', '82', 405);
insert into sub_info (number, tariff, money) values ('75737166820', '82', 462);
insert into sub_info (number, tariff, money) values ('71193803076', '82', 299);
insert into sub_info (number, tariff, money) values ('74092576214', '82', 557);
insert into sub_info (number, tariff, money) values ('78628716190', '82', 316);
insert into sub_info (number, tariff, money) values ('76394735931', '82', 225);
insert into sub_info (number, tariff, money) values ('73462563209', '82', 379);
insert into sub_info (number, tariff, money) values ('79300810063', '03', 433);
insert into sub_info (number, tariff, money) values ('74626571255', '82', 288);
insert into sub_info (number, tariff, money) values ('74530386315', '11', 250);
insert into sub_info (number, tariff, money) values ('77100626953', '11', 391);
insert into sub_info (number, tariff, money) values ('74510534702', '82', 250);
insert into sub_info (number, tariff, money) values ('75831479655', '82', 401);
insert into sub_info (number, tariff, money) values ('77162357773', '11', 221);
insert into sub_info (number, tariff, money) values ('71991468797', '11', 280);
insert into sub_info (number, tariff, money) values ('71174100517', '82', 545);
insert into sub_info (number, tariff, money) values ('77787242169', '82', 439);
insert into sub_info (number, tariff, money) values ('79693348035', '11', 388);
insert into sub_info (number, tariff, money) values ('72152893256', '82', 550);
insert into sub_info (number, tariff, money) values ('78819739800', '03', 452);
insert into sub_info (number, tariff, money) values ('78570322038', '82', 297);
insert into sub_info (number, tariff, money) values ('77719365496', '03', 334);
insert into sub_info (number, tariff, money) values ('79167547183', '82', 366);
insert into sub_info (number, tariff, money) values ('72624910694', '82', 527);
insert into sub_info (number, tariff, money) values ('71889358307', '11', 457);
insert into sub_info (number, tariff, money) values ('72036206446', '82', 400);
insert into sub_info (number, tariff, money) values ('72548391668', '11', 229);
insert into sub_info (number, tariff, money) values ('76115522449', '03', 475);
insert into sub_info (number, tariff, money) values ('74326625208', '11', 511);
insert into sub_info (number, tariff, money) values ('71087474899', '82', 289);
insert into sub_info (number, tariff, money) values ('70270591571', '03', 515);
insert into sub_info (number, tariff, money) values ('76560956877', '11', 597);
insert into sub_info (number, tariff, money) values ('70118236462', '03', 501);
insert into sub_info (number, tariff, money) values ('74710478864', '11', 553);
insert into sub_info (number, tariff, money) values ('74396881611', '03', 294);
insert into sub_info (number, tariff, money) values ('78627874267', '82', 496);
