INSERT INTO public.tariffs (id, fixed_minute_price, fixed_minutes, fixed_price, is_incoming_free, minute_price, name, next_tariff_after_fixed_minutes_id, other_operator_tariff_id) VALUES (6, null, 300, 100, false, 1, 'Безлимит 300', null, null);
INSERT INTO public.tariffs (id, fixed_minute_price, fixed_minutes, fixed_price, is_incoming_free, minute_price, name, next_tariff_after_fixed_minutes_id, other_operator_tariff_id) VALUES (3, null, null, null, false, 1.5, 'Поминутный', null, null);
INSERT INTO public.tariffs (id, fixed_minute_price, fixed_minutes, fixed_price, is_incoming_free, minute_price, name, next_tariff_after_fixed_minutes_id, other_operator_tariff_id) VALUES (11, 0.5, 100, null, true, null, 'Обычный', 3, null);
INSERT INTO public.tariffs (id, fixed_minute_price, fixed_minutes, fixed_price, is_incoming_free, minute_price, name, next_tariff_after_fixed_minutes_id, other_operator_tariff_id) VALUES (82, null, null, null, true, 0, 'Тариф Х', null, 3);

INSERT INTO users(user_id,username,password,role) VALUES (1,'qfine0','qfine0','CLIENT');
INSERT INTO users(user_id,username,password,role) VALUES (2,'dskillern1','dskillern1','CLIENT');
INSERT INTO users(user_id,username,password,role) VALUES (3,'ahews2','ahews2','CLIENT');
INSERT INTO users(user_id,username,password,role) VALUES (4,'askiplorne3','askiplorne3','CLIENT');
INSERT INTO users(user_id,username,password,role) VALUES (5,'knewark4','knewark4','CLIENT');
INSERT INTO users(user_id,username,password,role) VALUES (6,'chuertas5','chuertas5','CLIENT');
INSERT INTO users(user_id,username,password,role) VALUES (7,'dfullegar6','dfullegar6','CLIENT');
INSERT INTO users(user_id,username,password,role) VALUES (8,'hsygroves7','hsygroves7','CLIENT');
INSERT INTO users(user_id,username,password,role) VALUES (9,'sgregg8','sgregg8','CLIENT');
INSERT INTO users(user_id,username,password,role) VALUES (10,'aknoller9','aknoller9','CLIENT');
INSERT INTO users(user_id,username,password,role) VALUES (11,'cgriera','cgriera','CLIENT');
INSERT INTO users(user_id,username,password,role) VALUES (12,'dandersb','dandersb','CLIENT');
INSERT INTO users(user_id,username,password,role) VALUES (13,'adubosec','adubosec','CLIENT');
INSERT INTO users(user_id,username,password,role) VALUES (14,'fpollicoted','fpollicoted','CLIENT');
INSERT INTO users(user_id,username,password,role) VALUES (15,'hebankse','hebankse','CLIENT');
INSERT INTO users(user_id,username,password,role) VALUES (16,'jmalebyf','jmalebyf','CLIENT');
INSERT INTO users(user_id,username,password,role) VALUES (17,'mtunuyg','mtunuyg','CLIENT');
INSERT INTO users(user_id,username,password,role) VALUES (18,'ddummetth','ddummetth','CLIENT');
INSERT INTO users(user_id,username,password,role) VALUES (19,'rlearmani','rlearmani','CLIENT');
INSERT INTO users(user_id,username,password,role) VALUES (20,'mbuchej','mbuchej','CLIENT');
INSERT INTO users(user_id,username,password,role) VALUES (21,'aschimaschkek','aschimaschkek','CLIENT');
INSERT INTO users(user_id,username,password,role) VALUES (22,'rwringel','rwringel','CLIENT');
INSERT INTO users(user_id,username,password,role) VALUES (23,'chaseldenm','chaseldenm','CLIENT');
INSERT INTO users(user_id,username,password,role) VALUES (24,'dheinzlern','dheinzlern','CLIENT');
INSERT INTO users(user_id,username,password,role) VALUES (25,'qduffrieo','qduffrieo','CLIENT');
INSERT INTO users(user_id,username,password,role) VALUES (26,'nbunklep','nbunklep','CLIENT');
INSERT INTO users(user_id,username,password,role) VALUES (27,'jcanapeq','jcanapeq','CLIENT');
INSERT INTO users(user_id,username,password,role) VALUES (28,'cfinneyr','cfinneyr','CLIENT');
INSERT INTO users(user_id,username,password,role) VALUES (29,'gshuters','gshuters','CLIENT');
INSERT INTO users(user_id,username,password,role) VALUES (30,'bfieldhouset','bfieldhouset','CLIENT');
INSERT INTO users(user_id,username,password,role) VALUES (31,'ffarndonu','ffarndonu','CLIENT');
INSERT INTO users(user_id,username,password,role) VALUES (32,'acowiev','acowiev','CLIENT');
INSERT INTO users(user_id,username,password,role) VALUES (33,'tjermeyw','tjermeyw','CLIENT');
INSERT INTO users(user_id,username,password,role) VALUES (34,'wdomoneyx','wdomoneyx','CLIENT');
INSERT INTO users(user_id,username,password,role) VALUES (35,'sstoeckley','sstoeckley','CLIENT');
INSERT INTO users(user_id,username,password,role) VALUES (36,'hbelchemz','hbelchemz','CLIENT');
INSERT INTO users(user_id,username,password,role) VALUES (37,'vrockwill10','vrockwill10','CLIENT');
INSERT INTO users(user_id,username,password,role) VALUES (38,'bdevanny11','bdevanny11','CLIENT');
INSERT INTO users(user_id,username,password,role) VALUES (39,'sedwin12','sedwin12','CLIENT');
INSERT INTO users(user_id,username,password,role) VALUES (40,'lbestiman13','lbestiman13','CLIENT');
INSERT INTO users(user_id,username,password,role) VALUES (41,'tgilgryst14','tgilgryst14','CLIENT');
INSERT INTO users(user_id,username,password,role) VALUES (42,'bbroome15','bbroome15','CLIENT');
INSERT INTO users(user_id,username,password,role) VALUES (43,'bbaron16','bbaron16','CLIENT');
INSERT INTO users(user_id,username,password,role) VALUES (44,'pdesport17','pdesport17','CLIENT');
INSERT INTO users(user_id,username,password,role) VALUES (45,'jnickless18','jnickless18','CLIENT');
INSERT INTO users(user_id,username,password,role) VALUES (46,'fmayhow19','fmayhow19','CLIENT');
INSERT INTO users(user_id,username,password,role) VALUES (47,'jmordin1a','jmordin1a','CLIENT');
INSERT INTO users(user_id,username,password,role) VALUES (48,'fdaudray1b','fdaudray1b','CLIENT');
INSERT INTO users(user_id,username,password,role) VALUES (49,'tgillani1c','tgillani1c','CLIENT');
INSERT INTO users(user_id,username,password,role) VALUES (50,'efigurski1d','efigurski1d','CLIENT');
INSERT INTO users(user_id,username,password,role) VALUES (51,'smatchitt1e','smatchitt1e','CLIENT');
INSERT INTO users(user_id,username,password,role) VALUES (52,'tboobyer1f','tboobyer1f','CLIENT');
INSERT INTO users(user_id,username,password,role) VALUES (53,'mdowrey1g','mdowrey1g','CLIENT');
INSERT INTO users(user_id,username,password,role) VALUES (54,'bdemanche1h','bdemanche1h','CLIENT');
INSERT INTO users(user_id,username,password,role) VALUES (55,'mzimek1i','mzimek1i','CLIENT');
INSERT INTO users(user_id,username,password,role) VALUES (56,'fsquibb1j','fsquibb1j','CLIENT');
INSERT INTO users(user_id,username,password,role) VALUES (57,'rgentreau1k','rgentreau1k','CLIENT');
INSERT INTO users(user_id,username,password,role) VALUES (58,'csarra1l','csarra1l','CLIENT');
INSERT INTO users(user_id,username,password,role) VALUES (59,'rcaplis1m','rcaplis1m','CLIENT');
INSERT INTO users(user_id,username,password,role) VALUES (60,'mhoundesome1n','mhoundesome1n','CLIENT');
INSERT INTO users(user_id,username,password,role) VALUES (61,'ahowley1o','ahowley1o','CLIENT');
INSERT INTO users(user_id,username,password,role) VALUES (62,'mprozescky1p','mprozescky1p','CLIENT');
INSERT INTO users(user_id,username,password,role) VALUES (63,'egoreway1q','egoreway1q','CLIENT');
INSERT INTO users(user_id,username,password,role) VALUES (64,'rstanluck1r','rstanluck1r','CLIENT');
INSERT INTO users(user_id,username,password,role) VALUES (65,'tgooddy1s','tgooddy1s','CLIENT');
INSERT INTO users(user_id,username,password,role) VALUES (66,'xjewiss1t','xjewiss1t','CLIENT');
INSERT INTO users(user_id,username,password,role) VALUES (67,'geathorne1u','geathorne1u','CLIENT');
INSERT INTO users(user_id,username,password,role) VALUES (68,'ehatherill1v','ehatherill1v','CLIENT');
INSERT INTO users(user_id,username,password,role) VALUES (69,'daldin1w','daldin1w','CLIENT');
INSERT INTO users(user_id,username,password,role) VALUES (70,'ibarthelet1x','ibarthelet1x','CLIENT');
INSERT INTO users(user_id,username,password,role) VALUES (71,'atuny1y','atuny1y','CLIENT');
INSERT INTO users(user_id,username,password,role) VALUES (72,'sgiorgi1z','sgiorgi1z','CLIENT');
INSERT INTO users(user_id,username,password,role) VALUES (73,'rdunseath20','rdunseath20','CLIENT');
INSERT INTO users(user_id,username,password,role) VALUES (74,'lcatonne21','lcatonne21','CLIENT');
INSERT INTO users(user_id,username,password,role) VALUES (75,'toman22','toman22','CLIENT');
INSERT INTO users(user_id,username,password,role) VALUES (76,'jmcturley23','jmcturley23','CLIENT');
INSERT INTO users(user_id,username,password,role) VALUES (77,'ksquibe24','ksquibe24','CLIENT');
INSERT INTO users(user_id,username,password,role) VALUES (78,'rmacrannell25','rmacrannell25','CLIENT');
INSERT INTO users(user_id,username,password,role) VALUES (79,'hdymocke26','hdymocke26','CLIENT');
INSERT INTO users(user_id,username,password,role) VALUES (80,'bgath27','bgath27','CLIENT');
INSERT INTO users(user_id,username,password,role) VALUES (81,'jmendenhall28','jmendenhall28','CLIENT');
INSERT INTO users(user_id,username,password,role) VALUES (82,'kharms29','kharms29','CLIENT');
INSERT INTO users(user_id,username,password,role) VALUES (83,'hbreckwell2a','hbreckwell2a','CLIENT');
INSERT INTO users(user_id,username,password,role) VALUES (84,'radanet2b','radanet2b','CLIENT');
INSERT INTO users(user_id,username,password,role) VALUES (85,'tbaal2c','tbaal2c','CLIENT');
INSERT INTO users(user_id,username,password,role) VALUES (86,'mspelwood2d','mspelwood2d','CLIENT');
INSERT INTO users(user_id,username,password,role) VALUES (87,'rdowson2e','rdowson2e','CLIENT');
INSERT INTO users(user_id,username,password,role) VALUES (88,'tbulpitt2f','tbulpitt2f','CLIENT');
INSERT INTO users(user_id,username,password,role) VALUES (89,'jiacovielli2g','jiacovielli2g','CLIENT');
INSERT INTO users(user_id,username,password,role) VALUES (90,'sbonnell2h','sbonnell2h','CLIENT');
INSERT INTO users(user_id,username,password,role) VALUES (91,'mwrankling2i','mwrankling2i','CLIENT');
INSERT INTO users(user_id,username,password,role) VALUES (92,'bhunton2j','bhunton2j','CLIENT');
INSERT INTO users(user_id,username,password,role) VALUES (93,'okilkenny2k','okilkenny2k','CLIENT');
INSERT INTO users(user_id,username,password,role) VALUES (94,'hosmar2l','hosmar2l','CLIENT');
INSERT INTO users(user_id,username,password,role) VALUES (95,'mfripp2m','mfripp2m','CLIENT');
INSERT INTO users(user_id,username,password,role) VALUES (96,'krevell2n','krevell2n','CLIENT');
INSERT INTO users(user_id,username,password,role) VALUES (97,'tcathery2o','tcathery2o','CLIENT');
INSERT INTO users(user_id,username,password,role) VALUES (98,'lwelden2p','lwelden2p','CLIENT');
INSERT INTO users(user_id,username,password,role) VALUES (99,'jgoward2q','jgoward2q','CLIENT');
INSERT INTO users(user_id,username,password,role) VALUES (100,'msallis2r','msallis2r','CLIENT');
INSERT INTO users(user_id,username,password,role) VALUES (101,'lmacandie2s','lmacandie2s','CLIENT');
INSERT INTO users(user_id,username,password,role) VALUES (102,'dquennell2t','dquennell2t','CLIENT');
INSERT INTO users(user_id,username,password,role) VALUES (103,'obrougham2u','obrougham2u','CLIENT');
INSERT INTO users(user_id,username,password,role) VALUES (104,'rewebank2v','rewebank2v','CLIENT');
INSERT INTO users(user_id,username,password,role) VALUES (105,'hiskowitz2w','hiskowitz2w','CLIENT');
INSERT INTO users(user_id,username,password,role) VALUES (106,'mblackley2x','mblackley2x','CLIENT');
INSERT INTO users(user_id,username,password,role) VALUES (107,'lhawkyens2y','lhawkyens2y','CLIENT');
INSERT INTO users(user_id,username,password,role) VALUES (108,'mtoombes2z','mtoombes2z','CLIENT');
INSERT INTO users(user_id,username,password,role) VALUES (109,'jharesnaip30','jharesnaip30','CLIENT');
INSERT INTO users(user_id,username,password,role) VALUES (110,'bmcjerrow31','bmcjerrow31','CLIENT');
INSERT INTO users(user_id,username,password,role) VALUES (111,'emcelory32','emcelory32','CLIENT');
INSERT INTO users(user_id,username,password,role) VALUES (112,'cgilbeart33','cgilbeart33','CLIENT');
INSERT INTO users(user_id,username,password,role) VALUES (113,'pboreland34','pboreland34','CLIENT');
INSERT INTO users(user_id,username,password,role) VALUES (114,'ariddich35','ariddich35','CLIENT');
INSERT INTO users(user_id,username,password,role) VALUES (115,'hchawkley36','hchawkley36','CLIENT');
INSERT INTO users(user_id,username,password,role) VALUES (116,'frickarsey37','frickarsey37','CLIENT');
INSERT INTO users(user_id,username,password,role) VALUES (117,'jreaper38','jreaper38','CLIENT');
INSERT INTO users(user_id,username,password,role) VALUES (118,'atomek39','atomek39','CLIENT');
INSERT INTO users(user_id,username,password,role) VALUES (119,'rgabb3a','rgabb3a','CLIENT');
INSERT INTO users(user_id,username,password,role) VALUES (120,'ysheryn3b','ysheryn3b','CLIENT');
INSERT INTO users(user_id,username,password,role) VALUES (121,'dfulks3c','dfulks3c','CLIENT');
INSERT INTO users(user_id,username,password,role) VALUES (122,'bdeal3d','bdeal3d','CLIENT');
INSERT INTO users(user_id,username,password,role) VALUES (123,'travenshear3e','travenshear3e','CLIENT');
INSERT INTO users(user_id,username,password,role) VALUES (124,'jdahmel3f','jdahmel3f','CLIENT');
INSERT INTO users(user_id,username,password,role) VALUES (125,'gacom3g','gacom3g','CLIENT');
INSERT INTO users(user_id,username,password,role) VALUES (126,'rpassie3h','rpassie3h','CLIENT');
INSERT INTO users(user_id,username,password,role) VALUES (127,'teadie3i','teadie3i','CLIENT');
INSERT INTO users(user_id,username,password,role) VALUES (128,'rpadefield3j','rpadefield3j','CLIENT');
INSERT INTO users(user_id,username,password,role) VALUES (129,'mnorwich3k','mnorwich3k','CLIENT');
INSERT INTO users(user_id,username,password,role) VALUES (130,'wbalf3l','wbalf3l','CLIENT');
INSERT INTO users(user_id,username,password,role) VALUES (131,'farran3m','farran3m','CLIENT');
INSERT INTO users(user_id,username,password,role) VALUES (132,'dscardafield3n','dscardafield3n','CLIENT');
INSERT INTO users(user_id,username,password,role) VALUES (133,'jmarmyon3o','jmarmyon3o','CLIENT');
INSERT INTO users(user_id,username,password,role) VALUES (134,'dchallice3p','dchallice3p','CLIENT');
INSERT INTO users(user_id,username,password,role) VALUES (135,'milieve3q','milieve3q','CLIENT');
INSERT INTO users(user_id,username,password,role) VALUES (136,'briepl3r','briepl3r','CLIENT');
INSERT INTO users(user_id,username,password,role) VALUES (137,'bhartridge3s','bhartridge3s','CLIENT');
INSERT INTO users(user_id,username,password,role) VALUES (138,'eponnsett3t','eponnsett3t','CLIENT');
INSERT INTO users(user_id,username,password,role) VALUES (139,'cshilliday3u','cshilliday3u','CLIENT');
INSERT INTO users(user_id,username,password,role) VALUES (140,'dlatta3v','dlatta3v','CLIENT');
INSERT INTO users(user_id,username,password,role) VALUES (141,'rmatuszyk3w','rmatuszyk3w','CLIENT');
INSERT INTO users(user_id,username,password,role) VALUES (142,'mscattergood3x','mscattergood3x','CLIENT');
INSERT INTO users(user_id,username,password,role) VALUES (143,'jyewman3y','jyewman3y','CLIENT');
INSERT INTO users(user_id,username,password,role) VALUES (144,'ahearson3z','ahearson3z','CLIENT');
INSERT INTO users(user_id,username,password,role) VALUES (145,'gmcfall40','gmcfall40','CLIENT');
INSERT INTO users(user_id,username,password,role) VALUES (146,'elevett41','elevett41','CLIENT');
INSERT INTO users(user_id,username,password,role) VALUES (147,'hpirie42','hpirie42','CLIENT');
INSERT INTO users(user_id,username,password,role) VALUES (148,'hgavigan43','hgavigan43','CLIENT');
INSERT INTO users(user_id,username,password,role) VALUES (149,'tberrisford44','tberrisford44','CLIENT');
INSERT INTO users(user_id,username,password,role) VALUES (150,'tdelyth45','tdelyth45','CLIENT');
INSERT INTO users(user_id,username,password,role) VALUES (151,'ascattergood46','ascattergood46','CLIENT');
INSERT INTO users(user_id,username,password,role) VALUES (152,'atattam47','atattam47','CLIENT');
INSERT INTO users(user_id,username,password,role) VALUES (153,'bwinterscale48','bwinterscale48','CLIENT');
INSERT INTO users(user_id,username,password,role) VALUES (154,'kbardey49','kbardey49','CLIENT');
INSERT INTO users(user_id,username,password,role) VALUES (155,'jdevil4a','jdevil4a','CLIENT');
INSERT INTO users(user_id,username,password,role) VALUES (156,'ntomasian4b','ntomasian4b','CLIENT');
INSERT INTO users(user_id,username,password,role) VALUES (157,'cchantree4c','cchantree4c','CLIENT');
INSERT INTO users(user_id,username,password,role) VALUES (158,'clerhinan4d','clerhinan4d','CLIENT');
INSERT INTO users(user_id,username,password,role) VALUES (159,'riacobini4e','riacobini4e','CLIENT');
INSERT INTO users(user_id,username,password,role) VALUES (160,'ejeste4f','ejeste4f','CLIENT');
INSERT INTO users(user_id,username,password,role) VALUES (161,'cadamowitz4g','cadamowitz4g','CLIENT');
INSERT INTO users(user_id,username,password,role) VALUES (162,'bamorts4h','bamorts4h','CLIENT');
INSERT INTO users(user_id,username,password,role) VALUES (163,'fsapsford4i','fsapsford4i','CLIENT');
INSERT INTO users(user_id,username,password,role) VALUES (164,'morthmann4j','morthmann4j','CLIENT');
INSERT INTO users(user_id,username,password,role) VALUES (165,'erosbottom4k','erosbottom4k','CLIENT');
INSERT INTO users(user_id,username,password,role) VALUES (166,'chatje4l','chatje4l','CLIENT');
INSERT INTO users(user_id,username,password,role) VALUES (167,'cjohansen4m','cjohansen4m','CLIENT');
INSERT INTO users(user_id,username,password,role) VALUES (168,'cdiffley4n','cdiffley4n','CLIENT');
INSERT INTO users(user_id,username,password,role) VALUES (169,'dcherrington4o','dcherrington4o','CLIENT');
INSERT INTO users(user_id,username,password,role) VALUES (170,'pshowers4p','pshowers4p','CLIENT');
INSERT INTO users(user_id,username,password,role) VALUES (171,'bcrystal4q','bcrystal4q','CLIENT');
INSERT INTO users(user_id,username,password,role) VALUES (172,'dmillier4r','dmillier4r','CLIENT');
INSERT INTO users(user_id,username,password,role) VALUES (173,'radamovitz4s','radamovitz4s','CLIENT');
INSERT INTO users(user_id,username,password,role) VALUES (174,'pyushachkov4t','pyushachkov4t','CLIENT');
INSERT INTO users(user_id,username,password,role) VALUES (175,'sscutchin4u','sscutchin4u','CLIENT');
INSERT INTO users(user_id,username,password,role) VALUES (176,'msholl4v','msholl4v','CLIENT');
INSERT INTO users(user_id,username,password,role) VALUES (177,'mroly4w','mroly4w','CLIENT');
INSERT INTO users(user_id,username,password,role) VALUES (178,'dsomers4x','dsomers4x','CLIENT');
INSERT INTO users(user_id,username,password,role) VALUES (179,'jbetteriss4y','jbetteriss4y','CLIENT');
INSERT INTO users(user_id,username,password,role) VALUES (180,'tquincey4z','tquincey4z','CLIENT');
INSERT INTO users(user_id,username,password,role) VALUES (181,'akirsop50','akirsop50','CLIENT');
INSERT INTO users(user_id,username,password,role) VALUES (182,'rgiannotti51','rgiannotti51','CLIENT');
INSERT INTO users(user_id,username,password,role) VALUES (183,'flukock52','flukock52','CLIENT');
INSERT INTO users(user_id,username,password,role) VALUES (184,'rrussilll53','rrussilll53','CLIENT');
INSERT INTO users(user_id,username,password,role) VALUES (185,'pjozsef54','pjozsef54','CLIENT');
INSERT INTO users(user_id,username,password,role) VALUES (186,'hvarne55','hvarne55','CLIENT');
INSERT INTO users(user_id,username,password,role) VALUES (187,'hpailin56','hpailin56','CLIENT');
INSERT INTO users(user_id,username,password,role) VALUES (188,'vdronsfield57','vdronsfield57','CLIENT');
INSERT INTO users(user_id,username,password,role) VALUES (189,'ncathrall58','ncathrall58','CLIENT');
INSERT INTO users(user_id,username,password,role) VALUES (190,'eneale59','eneale59','CLIENT');
INSERT INTO users(user_id,username,password,role) VALUES (191,'cguild5a','cguild5a','CLIENT');
INSERT INTO users(user_id,username,password,role) VALUES (192,'cgaffey5b','cgaffey5b','CLIENT');
INSERT INTO users(user_id,username,password,role) VALUES (193,'bdanshin5c','bdanshin5c','CLIENT');
INSERT INTO users(user_id,username,password,role) VALUES (194,'echeevers5d','echeevers5d','CLIENT');
INSERT INTO users(user_id,username,password,role) VALUES (195,'pkunzel5e','pkunzel5e','CLIENT');
INSERT INTO users(user_id,username,password,role) VALUES (196,'swalsom5f','swalsom5f','CLIENT');
INSERT INTO users(user_id,username,password,role) VALUES (197,'vbarde5g','vbarde5g','CLIENT');
INSERT INTO users(user_id,username,password,role) VALUES (198,'achapelhow5h','achapelhow5h','CLIENT');
INSERT INTO users(user_id,username,password,role) VALUES (199,'zsievewright5i','zsievewright5i','CLIENT');
INSERT INTO users(user_id,username,password,role) VALUES (200,'dgerardin5j','dgerardin5j','CLIENT');
INSERT INTO users(user_id,username,password,role) VALUES (201,'seschalette5k','seschalette5k','CLIENT');
INSERT INTO users(user_id,username,password,role) VALUES (202,'aszymonwicz5l','aszymonwicz5l','CLIENT');
INSERT INTO users(user_id,username,password,role) VALUES (203,'brichfield5m','brichfield5m','CLIENT');
INSERT INTO users(user_id,username,password,role) VALUES (204,'dlighton5n','dlighton5n','CLIENT');
INSERT INTO users(user_id,username,password,role) VALUES (205,'sfilpo5o','sfilpo5o','CLIENT');
INSERT INTO users(user_id,username,password,role) VALUES (206,'hrubinsaft5p','hrubinsaft5p','CLIENT');
INSERT INTO users(user_id,username,password,role) VALUES (207,'gpetkens5q','gpetkens5q','CLIENT');
INSERT INTO users(user_id,username,password,role) VALUES (208,'ashackleford5r','ashackleford5r','CLIENT');
INSERT INTO users(user_id,username,password,role) VALUES (209,'rstrangwood5s','rstrangwood5s','CLIENT');
INSERT INTO users(user_id,username,password,role) VALUES (210,'adorbon5t','adorbon5t','CLIENT');
INSERT INTO users(user_id,username,password,role) VALUES (211,'cingle5u','cingle5u','CLIENT');
INSERT INTO users(user_id,username,password,role) VALUES (212,'muzzell5v','muzzell5v','CLIENT');
INSERT INTO users(user_id,username,password,role) VALUES (213,'sfache5w','sfache5w','CLIENT');
INSERT INTO users(user_id,username,password,role) VALUES (214,'bpollok5x','bpollok5x','CLIENT');
INSERT INTO users(user_id,username,password,role) VALUES (215,'mwarrell5y','mwarrell5y','CLIENT');
INSERT INTO users(user_id,username,password,role) VALUES (216,'dtheakston5z','dtheakston5z','CLIENT');
INSERT INTO users(user_id,username,password,role) VALUES (217,'lsherston60','lsherston60','CLIENT');
INSERT INTO users(user_id,username,password,role) VALUES (218,'nruss61','nruss61','CLIENT');
INSERT INTO users(user_id,username,password,role) VALUES (219,'tsherrington62','tsherrington62','CLIENT');
INSERT INTO users(user_id,username,password,role) VALUES (220,'growantree63','growantree63','CLIENT');
INSERT INTO users(user_id,username,password,role) VALUES (221,'sraithbie64','sraithbie64','CLIENT');
INSERT INTO users(user_id,username,password,role) VALUES (222,'abolino65','abolino65','CLIENT');
INSERT INTO users(user_id,username,password,role) VALUES (223,'hwindless66','hwindless66','CLIENT');
INSERT INTO users(user_id,username,password,role) VALUES (224,'vlackie67','vlackie67','CLIENT');
INSERT INTO users(user_id,username,password,role) VALUES (225,'mbeane68','mbeane68','CLIENT');
INSERT INTO users(user_id,username,password,role) VALUES (226,'cslatford69','cslatford69','CLIENT');
INSERT INTO users(user_id,username,password,role) VALUES (227,'ctrusler6a','ctrusler6a','CLIENT');
INSERT INTO users(user_id,username,password,role) VALUES (228,'tfidler6b','tfidler6b','CLIENT');
INSERT INTO users(user_id,username,password,role) VALUES (229,'mmarcoolyn6c','mmarcoolyn6c','CLIENT');
INSERT INTO users(user_id,username,password,role) VALUES (230,'sblaksland6d','sblaksland6d','CLIENT');
INSERT INTO users(user_id,username,password,role) VALUES (231,'ccackett6e','ccackett6e','CLIENT');
INSERT INTO users(user_id,username,password,role) VALUES (232,'lmablestone6f','lmablestone6f','CLIENT');
INSERT INTO users(user_id,username,password,role) VALUES (233,'eheinig6g','eheinig6g','CLIENT');
INSERT INTO users(user_id,username,password,role) VALUES (234,'lisworth6h','lisworth6h','CLIENT');
INSERT INTO users(user_id,username,password,role) VALUES (235,'mhardwin6i','mhardwin6i','CLIENT');
INSERT INTO users(user_id,username,password,role) VALUES (236,'jthatcham6j','jthatcham6j','CLIENT');
INSERT INTO users(user_id,username,password,role) VALUES (237,'bgowling6k','bgowling6k','CLIENT');
INSERT INTO users(user_id,username,password,role) VALUES (238,'fclohissy6l','fclohissy6l','CLIENT');
INSERT INTO users(user_id,username,password,role) VALUES (239,'cbelford6m','cbelford6m','CLIENT');
INSERT INTO users(user_id,username,password,role) VALUES (240,'jgormally6n','jgormally6n','CLIENT');
INSERT INTO users(user_id,username,password,role) VALUES (241,'jgarter6o','jgarter6o','CLIENT');
INSERT INTO users(user_id,username,password,role) VALUES (242,'dfraulo6p','dfraulo6p','CLIENT');
INSERT INTO users(user_id,username,password,role) VALUES (243,'kdarlaston6q','kdarlaston6q','CLIENT');
INSERT INTO users(user_id,username,password,role) VALUES (244,'tmacgraith6r','tmacgraith6r','CLIENT');
INSERT INTO users(user_id,username,password,role) VALUES (245,'wlockhead6s','wlockhead6s','CLIENT');
INSERT INTO users(user_id,username,password,role) VALUES (246,'hbolley6t','hbolley6t','CLIENT');
INSERT INTO users(user_id,username,password,role) VALUES (247,'enockells6u','enockells6u','CLIENT');
INSERT INTO users(user_id,username,password,role) VALUES (248,'mgrivori6v','mgrivori6v','CLIENT');
INSERT INTO users(user_id,username,password,role) VALUES (249,'utippler6w','utippler6w','CLIENT');
INSERT INTO users(user_id,username,password,role) VALUES (250,'ccoghlan6x','ccoghlan6x','CLIENT');
INSERT INTO users(user_id,username,password,role) VALUES (251,'gwilce6y','gwilce6y','CLIENT');
INSERT INTO users(user_id,username,password,role) VALUES (252,'lminister6z','lminister6z','CLIENT');
INSERT INTO users(user_id,username,password,role) VALUES (253,'pbridat70','pbridat70','CLIENT');
INSERT INTO users(user_id,username,password,role) VALUES (254,'mherrero71','mherrero71','CLIENT');
INSERT INTO users(user_id,username,password,role) VALUES (255,'scathenod72','scathenod72','CLIENT');
INSERT INTO users(user_id,username,password,role) VALUES (256,'tscranedge73','tscranedge73','CLIENT');
INSERT INTO users(user_id,username,password,role) VALUES (257,'pbriffdat70','pbriffdat70','MANAGER');
INSERT INTO users(user_id,username,password,role) VALUES (258,'mherrffero71','mherrffero71','MANAGER');
INSERT INTO users(user_id,username,password,role) VALUES (259,'scatheffnod72','scatheffnod72','MANAGER');
INSERT INTO users(user_id,username,password,role) VALUES (260,'tscraneffdge73','tscraneffdge73','MANAGER');

INSERT INTO managers(user_id,name,surname) VALUES (257,'Bryn','Rubinowitz');
INSERT INTO managers(user_id,name,surname) VALUES (258,'Lane','OBrallaghan');
INSERT INTO managers(user_id,name,surname) VALUES (259,'Ari','Blindermann');
INSERT INTO managers(user_id,name,surname) VALUES (260,'Nicol','Bagott');


INSERT INTO clients(user_id,name,surname) VALUES (1,'Bryn','Rubinowitz');
INSERT INTO clients(user_id,name,surname) VALUES (2,'Lane','OBrallaghan');
INSERT INTO clients(user_id,name,surname) VALUES (3,'Ari','Blindermann');
INSERT INTO clients(user_id,name,surname) VALUES (4,'Nicol','Bagott');
INSERT INTO clients(user_id,name,surname) VALUES (5,'Jarred','Casarini');
INSERT INTO clients(user_id,name,surname) VALUES (6,'Nichole','Ondrasek');
INSERT INTO clients(user_id,name,surname) VALUES (7,'Vonnie','Cavil');
INSERT INTO clients(user_id,name,surname) VALUES (8,'Katerina','Ramsted');
INSERT INTO clients(user_id,name,surname) VALUES (9,'Teresa','Alenshev');
INSERT INTO clients(user_id,name,surname) VALUES (10,'Cliff','Clift');
INSERT INTO clients(user_id,name,surname) VALUES (11,'Darrel','Mennear');
INSERT INTO clients(user_id,name,surname) VALUES (12,'Milicent','Roo');
INSERT INTO clients(user_id,name,surname) VALUES (13,'Michal','Gulleford');
INSERT INTO clients(user_id,name,surname) VALUES (14,'Cecilio','Norcliff');
INSERT INTO clients(user_id,name,surname) VALUES (15,'Trevar','Craigheid');
INSERT INTO clients(user_id,name,surname) VALUES (16,'Zachariah','Louedey');
INSERT INTO clients(user_id,name,surname) VALUES (17,'Adrienne','Gerwood');
INSERT INTO clients(user_id,name,surname) VALUES (18,'Augustina','Swalowe');
INSERT INTO clients(user_id,name,surname) VALUES (19,'Danny','Carncross');
INSERT INTO clients(user_id,name,surname) VALUES (20,'Jobie','Scamadin');
INSERT INTO clients(user_id,name,surname) VALUES (21,'Edee','Pettyfer');
INSERT INTO clients(user_id,name,surname) VALUES (22,'Brooke','Cutajar');
INSERT INTO clients(user_id,name,surname) VALUES (23,'Noelle','Dicks');
INSERT INTO clients(user_id,name,surname) VALUES (24,'Calla','Pedrazzi');
INSERT INTO clients(user_id,name,surname) VALUES (25,'Libbey','Steuart');
INSERT INTO clients(user_id,name,surname) VALUES (26,'Kerry','Damper');
INSERT INTO clients(user_id,name,surname) VALUES (27,'Doretta','Capponer');
INSERT INTO clients(user_id,name,surname) VALUES (28,'Rosco','Smalman');
INSERT INTO clients(user_id,name,surname) VALUES (29,'Hill','Lyste');
INSERT INTO clients(user_id,name,surname) VALUES (30,'Tybie','Puckham');
INSERT INTO clients(user_id,name,surname) VALUES (31,'Wilfred','Wint');
INSERT INTO clients(user_id,name,surname) VALUES (32,'Glenn','Telford');
INSERT INTO clients(user_id,name,surname) VALUES (33,'Allina','Oxborrow');
INSERT INTO clients(user_id,name,surname) VALUES (34,'Ofelia','Thornborrow');
INSERT INTO clients(user_id,name,surname) VALUES (35,'Eachelle','Seton');
INSERT INTO clients(user_id,name,surname) VALUES (36,'Jerrilee','Tennick');
INSERT INTO clients(user_id,name,surname) VALUES (37,'Danny','Chaffey');
INSERT INTO clients(user_id,name,surname) VALUES (38,'Benny','Baxandall');
INSERT INTO clients(user_id,name,surname) VALUES (39,'Ailene','Posselt');
INSERT INTO clients(user_id,name,surname) VALUES (40,'Reilly','Meagher');
INSERT INTO clients(user_id,name,surname) VALUES (41,'Johanna','Pinkard');
INSERT INTO clients(user_id,name,surname) VALUES (42,'Magdalene','Klimontovich');
INSERT INTO clients(user_id,name,surname) VALUES (43,'Valerie','Vale');
INSERT INTO clients(user_id,name,surname) VALUES (44,'Rowan','Phelan');
INSERT INTO clients(user_id,name,surname) VALUES (45,'Ichabod','Lammerding');
INSERT INTO clients(user_id,name,surname) VALUES (46,'Gayle','Coucher');
INSERT INTO clients(user_id,name,surname) VALUES (47,'Tamqrah','Kemmis');
INSERT INTO clients(user_id,name,surname) VALUES (48,'Phil','Isaak');
INSERT INTO clients(user_id,name,surname) VALUES (49,'Eben','Barcke');
INSERT INTO clients(user_id,name,surname) VALUES (50,'Verge','Bealton');
INSERT INTO clients(user_id,name,surname) VALUES (51,'Joellen','Bellanger');
INSERT INTO clients(user_id,name,surname) VALUES (52,'Merrily','Porrett');
INSERT INTO clients(user_id,name,surname) VALUES (53,'Lulu','Cuer');
INSERT INTO clients(user_id,name,surname) VALUES (54,'Sybil','Chestnut');
INSERT INTO clients(user_id,name,surname) VALUES (55,'Freddy','Newton');
INSERT INTO clients(user_id,name,surname) VALUES (56,'Roze','Wisdom');
INSERT INTO clients(user_id,name,surname) VALUES (57,'Trina','McCaughen');
INSERT INTO clients(user_id,name,surname) VALUES (58,'Camilla','Benza');
INSERT INTO clients(user_id,name,surname) VALUES (59,'Tandi','Chin');
INSERT INTO clients(user_id,name,surname) VALUES (60,'Walliw','Sheers');
INSERT INTO clients(user_id,name,surname) VALUES (61,'Pren','Abbiss');
INSERT INTO clients(user_id,name,surname) VALUES (62,'Melanie','Creebo');
INSERT INTO clients(user_id,name,surname) VALUES (63,'Dylan','Konig');
INSERT INTO clients(user_id,name,surname) VALUES (64,'Wrennie','Marshland');
INSERT INTO clients(user_id,name,surname) VALUES (65,'Jens','Hardcastle');
INSERT INTO clients(user_id,name,surname) VALUES (66,'Renie','Roff');
INSERT INTO clients(user_id,name,surname) VALUES (67,'Barbette','St Ange');
INSERT INTO clients(user_id,name,surname) VALUES (68,'Artie','Croutear');
INSERT INTO clients(user_id,name,surname) VALUES (69,'Elaina','Skuce');
INSERT INTO clients(user_id,name,surname) VALUES (70,'Ronnica','Heskey');
INSERT INTO clients(user_id,name,surname) VALUES (71,'Alvera','Smogur');
INSERT INTO clients(user_id,name,surname) VALUES (72,'Lizette','Aylin');
INSERT INTO clients(user_id,name,surname) VALUES (73,'Karlens','Le Grand');
INSERT INTO clients(user_id,name,surname) VALUES (74,'Stacee','Aslum');
INSERT INTO clients(user_id,name,surname) VALUES (75,'Adriena','Jacobssen');
INSERT INTO clients(user_id,name,surname) VALUES (76,'Fae','Kenworth');
INSERT INTO clients(user_id,name,surname) VALUES (77,'Darcee','Baughan');
INSERT INTO clients(user_id,name,surname) VALUES (78,'Auria','Antonikov');
INSERT INTO clients(user_id,name,surname) VALUES (79,'Hobart','Yele');
INSERT INTO clients(user_id,name,surname) VALUES (80,'Alf','Bazley');
INSERT INTO clients(user_id,name,surname) VALUES (81,'Toby','Allbon');
INSERT INTO clients(user_id,name,surname) VALUES (82,'Ellwood','Ternent');
INSERT INTO clients(user_id,name,surname) VALUES (83,'Dyna','Perfili');
INSERT INTO clients(user_id,name,surname) VALUES (84,'Clementia','Stenner');
INSERT INTO clients(user_id,name,surname) VALUES (85,'Suki','Peverell');
INSERT INTO clients(user_id,name,surname) VALUES (86,'Winny','Revely');
INSERT INTO clients(user_id,name,surname) VALUES (87,'Ingelbert','Hawes');
INSERT INTO clients(user_id,name,surname) VALUES (88,'Maryjane','Baddoe');
INSERT INTO clients(user_id,name,surname) VALUES (89,'Andreana','Sadry');
INSERT INTO clients(user_id,name,surname) VALUES (90,'Marco','Kurtis');
INSERT INTO clients(user_id,name,surname) VALUES (91,'Hercule','Huggins');
INSERT INTO clients(user_id,name,surname) VALUES (92,'Koren','Painter');
INSERT INTO clients(user_id,name,surname) VALUES (93,'Dorian','Assinder');
INSERT INTO clients(user_id,name,surname) VALUES (94,'Oona','Wedge');
INSERT INTO clients(user_id,name,surname) VALUES (95,'Terrill','Wick');
INSERT INTO clients(user_id,name,surname) VALUES (96,'Cosmo','Noel');
INSERT INTO clients(user_id,name,surname) VALUES (97,'Dorine','Polle');
INSERT INTO clients(user_id,name,surname) VALUES (98,'Jacob','Littlemore');
INSERT INTO clients(user_id,name,surname) VALUES (99,'Ganny','Shinner');
INSERT INTO clients(user_id,name,surname) VALUES (100,'Eleni','Dunican');
INSERT INTO clients(user_id,name,surname) VALUES (101,'Juliana','Pickwell');
INSERT INTO clients(user_id,name,surname) VALUES (102,'Laurianne','O''Moylane');
INSERT INTO clients(user_id,name,surname) VALUES (103,'Rodina','Pluthero');
INSERT INTO clients(user_id,name,surname) VALUES (104,'Rozele','Serman');
INSERT INTO clients(user_id,name,surname) VALUES (105,'Idaline','Donn');
INSERT INTO clients(user_id,name,surname) VALUES (106,'Dulcinea','Klaves');
INSERT INTO clients(user_id,name,surname) VALUES (107,'Towney','Battram');
INSERT INTO clients(user_id,name,surname) VALUES (108,'Mel','Hesser');
INSERT INTO clients(user_id,name,surname) VALUES (109,'Stacee','Paddington');
INSERT INTO clients(user_id,name,surname) VALUES (110,'Jilli','Scotchmor');
INSERT INTO clients(user_id,name,surname) VALUES (111,'Randolf','Overington');
INSERT INTO clients(user_id,name,surname) VALUES (112,'Barbra','Floyed');
INSERT INTO clients(user_id,name,surname) VALUES (113,'Elisa','Anselm');
INSERT INTO clients(user_id,name,surname) VALUES (114,'Calla','Sutterby');
INSERT INTO clients(user_id,name,surname) VALUES (115,'Connor','Dollar');
INSERT INTO clients(user_id,name,surname) VALUES (116,'Elisha','Cardall');
INSERT INTO clients(user_id,name,surname) VALUES (117,'Martelle','Melan');
INSERT INTO clients(user_id,name,surname) VALUES (118,'Ianthe','Normadell');
INSERT INTO clients(user_id,name,surname) VALUES (119,'Stewart','Plet');
INSERT INTO clients(user_id,name,surname) VALUES (120,'Antonie','Valens-Smith');
INSERT INTO clients(user_id,name,surname) VALUES (121,'Ross','Shovlin');
INSERT INTO clients(user_id,name,surname) VALUES (122,'Marc','Ors');
INSERT INTO clients(user_id,name,surname) VALUES (123,'Olive','Heighway');
INSERT INTO clients(user_id,name,surname) VALUES (124,'Lyndy','Bows');
INSERT INTO clients(user_id,name,surname) VALUES (125,'Winnie','Kilsby');
INSERT INTO clients(user_id,name,surname) VALUES (126,'Janey','Latta');
INSERT INTO clients(user_id,name,surname) VALUES (127,'Saunders','Rickwood');
INSERT INTO clients(user_id,name,surname) VALUES (128,'Pavla','Gravener');
INSERT INTO clients(user_id,name,surname) VALUES (129,'Even','Sessuns');
INSERT INTO clients(user_id,name,surname) VALUES (130,'Marlene','Putton');
INSERT INTO clients(user_id,name,surname) VALUES (131,'Kaine','Murtell');
INSERT INTO clients(user_id,name,surname) VALUES (132,'Normy','Gurdon');
INSERT INTO clients(user_id,name,surname) VALUES (133,'Francine','Jolley');
INSERT INTO clients(user_id,name,surname) VALUES (134,'Arleen','Scorton');
INSERT INTO clients(user_id,name,surname) VALUES (135,'Chery','Gallafant');
INSERT INTO clients(user_id,name,surname) VALUES (136,'Clovis','Koppeck');
INSERT INTO clients(user_id,name,surname) VALUES (137,'Lucio','Terrans');
INSERT INTO clients(user_id,name,surname) VALUES (138,'Annamaria','Relfe');
INSERT INTO clients(user_id,name,surname) VALUES (139,'Anatollo','Batchellor');
INSERT INTO clients(user_id,name,surname) VALUES (140,'Daphne','Blethin');
INSERT INTO clients(user_id,name,surname) VALUES (141,'Cari','De Marchi');
INSERT INTO clients(user_id,name,surname) VALUES (142,'Marina','Gurnay');
INSERT INTO clients(user_id,name,surname) VALUES (143,'Adler','Tracey');
INSERT INTO clients(user_id,name,surname) VALUES (144,'Irita','Wrixon');
INSERT INTO clients(user_id,name,surname) VALUES (145,'Correy','Billany');
INSERT INTO clients(user_id,name,surname) VALUES (146,'Bev','Marusyak');
INSERT INTO clients(user_id,name,surname) VALUES (147,'Christophorus','Jonczyk');
INSERT INTO clients(user_id,name,surname) VALUES (148,'Valina','Vautier');
INSERT INTO clients(user_id,name,surname) VALUES (149,'Pryce','McLarty');
INSERT INTO clients(user_id,name,surname) VALUES (150,'Hinze','Gazey');
INSERT INTO clients(user_id,name,surname) VALUES (151,'Arvin','Pescud');
INSERT INTO clients(user_id,name,surname) VALUES (152,'Carissa','Unitt');
INSERT INTO clients(user_id,name,surname) VALUES (153,'Francesco','Suddaby');
INSERT INTO clients(user_id,name,surname) VALUES (154,'Turner','Zanutti');
INSERT INTO clients(user_id,name,surname) VALUES (155,'Shani','Epsley');
INSERT INTO clients(user_id,name,surname) VALUES (156,'Antonina','Barstow');
INSERT INTO clients(user_id,name,surname) VALUES (157,'Isobel','Whorf');
INSERT INTO clients(user_id,name,surname) VALUES (158,'Koren','Drewett');
INSERT INTO clients(user_id,name,surname) VALUES (159,'Galvin','M''cowis');
INSERT INTO clients(user_id,name,surname) VALUES (160,'Clayton','Chaudhry');
INSERT INTO clients(user_id,name,surname) VALUES (161,'Jarred','Quye');
INSERT INTO clients(user_id,name,surname) VALUES (162,'Hope','Gorey');
INSERT INTO clients(user_id,name,surname) VALUES (163,'Oswell','Silvers');
INSERT INTO clients(user_id,name,surname) VALUES (164,'Jessalyn','Ohrt');
INSERT INTO clients(user_id,name,surname) VALUES (165,'Byran','Hallas');
INSERT INTO clients(user_id,name,surname) VALUES (166,'Gwenneth','Parkyn');
INSERT INTO clients(user_id,name,surname) VALUES (167,'Carroll','Harbour');
INSERT INTO clients(user_id,name,surname) VALUES (168,'Riki','Keysall');
INSERT INTO clients(user_id,name,surname) VALUES (169,'Danell','Kelland');
INSERT INTO clients(user_id,name,surname) VALUES (170,'Lita','Kaley');
INSERT INTO clients(user_id,name,surname) VALUES (171,'Glori','Gladeche');
INSERT INTO clients(user_id,name,surname) VALUES (172,'Lois','Donett');
INSERT INTO clients(user_id,name,surname) VALUES (173,'Foss','Ohm');
INSERT INTO clients(user_id,name,surname) VALUES (174,'Kip','Shoppee');
INSERT INTO clients(user_id,name,surname) VALUES (175,'Giordano','Lacotte');
INSERT INTO clients(user_id,name,surname) VALUES (176,'Danya','Sentance');
INSERT INTO clients(user_id,name,surname) VALUES (177,'Bink','Grube');
INSERT INTO clients(user_id,name,surname) VALUES (178,'Tove','Peatheyjohns');
INSERT INTO clients(user_id,name,surname) VALUES (179,'Elita','Friend');
INSERT INTO clients(user_id,name,surname) VALUES (180,'Claude','Litterick');
INSERT INTO clients(user_id,name,surname) VALUES (181,'Nataniel','Klimentyev');
INSERT INTO clients(user_id,name,surname) VALUES (182,'Sterne','Kubica');
INSERT INTO clients(user_id,name,surname) VALUES (183,'Amelia','Olyunin');
INSERT INTO clients(user_id,name,surname) VALUES (184,'Pat','Ewan');
INSERT INTO clients(user_id,name,surname) VALUES (185,'Sadye','Harwick');
INSERT INTO clients(user_id,name,surname) VALUES (186,'Elton','Rochford');
INSERT INTO clients(user_id,name,surname) VALUES (187,'Winnie','Astall');
INSERT INTO clients(user_id,name,surname) VALUES (188,'Oby','Uman');
INSERT INTO clients(user_id,name,surname) VALUES (189,'Trey','McKearnen');
INSERT INTO clients(user_id,name,surname) VALUES (190,'Shurlock','Nelm');
INSERT INTO clients(user_id,name,surname) VALUES (191,'Giovanni','Duffin');
INSERT INTO clients(user_id,name,surname) VALUES (192,'Leroy','Lucchi');
INSERT INTO clients(user_id,name,surname) VALUES (193,'Britt','Firth');
INSERT INTO clients(user_id,name,surname) VALUES (194,'Lauri','Tuckley');
INSERT INTO clients(user_id,name,surname) VALUES (195,'Modestine','Billany');
INSERT INTO clients(user_id,name,surname) VALUES (196,'Neill','Tavinor');
INSERT INTO clients(user_id,name,surname) VALUES (197,'Aurie','Deavin');
INSERT INTO clients(user_id,name,surname) VALUES (198,'Homerus','Largan');
INSERT INTO clients(user_id,name,surname) VALUES (199,'Morgana','Ecclesall');
INSERT INTO clients(user_id,name,surname) VALUES (200,'Frederic','Kirckman');

INSERT INTO sub_info(sub_id,number,tariff,client) VALUES (1,74334506363,82,107);
INSERT INTO sub_info(sub_id,number,tariff,client) VALUES (2,70345856246,11,6);
INSERT INTO sub_info(sub_id,number,tariff,client) VALUES (3,74500655903,11,30);
INSERT INTO sub_info(sub_id,number,tariff,client) VALUES (4,77521924035,11,122);
INSERT INTO sub_info(sub_id,number,tariff,client) VALUES (5,70408521790,11,158);
INSERT INTO sub_info(sub_id,number,tariff,client) VALUES (6,79411462739,82,50);
INSERT INTO sub_info(sub_id,number,tariff,client) VALUES (7,77024129184,6,121);
INSERT INTO sub_info(sub_id,number,tariff,client) VALUES (8,76694718169,3,178);
INSERT INTO sub_info(sub_id,number,tariff,client) VALUES (9,73640379118,11,194);
INSERT INTO sub_info(sub_id,number,tariff,client) VALUES (10,76554332564,3,105);
INSERT INTO sub_info(sub_id,number,tariff,client) VALUES (11,72557538330,6,81);
INSERT INTO sub_info(sub_id,number,tariff,client) VALUES (12,74199927485,82,20);
INSERT INTO sub_info(sub_id,number,tariff,client) VALUES (13,77312523142,82,23);
INSERT INTO sub_info(sub_id,number,tariff,client) VALUES (14,74063660900,3,113);
INSERT INTO sub_info(sub_id,number,tariff,client) VALUES (15,71325232665,82,94);
INSERT INTO sub_info(sub_id,number,tariff,client) VALUES (16,77003534374,11,135);
INSERT INTO sub_info(sub_id,number,tariff,client) VALUES (17,72831877375,11,145);
INSERT INTO sub_info(sub_id,number,tariff,client) VALUES (18,78131390455,82,2);
INSERT INTO sub_info(sub_id,number,tariff,client) VALUES (19,79154002711,6,39);
INSERT INTO sub_info(sub_id,number,tariff,client) VALUES (20,71358638965,82,65);
INSERT INTO sub_info(sub_id,number,tariff,client) VALUES (21,77472221656,82,111);
INSERT INTO sub_info(sub_id,number,tariff,client) VALUES (22,77561114980,6,33);
INSERT INTO sub_info(sub_id,number,tariff,client) VALUES (23,76932593304,82,162);
INSERT INTO sub_info(sub_id,number,tariff,client) VALUES (24,72407593968,3,144);
INSERT INTO sub_info(sub_id,number,tariff,client) VALUES (25,73929249280,3,170);
INSERT INTO sub_info(sub_id,number,tariff,client) VALUES (26,79846144342,3,28);
INSERT INTO sub_info(sub_id,number,tariff,client) VALUES (27,72586363918,82,53);
INSERT INTO sub_info(sub_id,number,tariff,client) VALUES (28,70752956525,82,62);
INSERT INTO sub_info(sub_id,number,tariff,client) VALUES (29,70929602949,3,13);
INSERT INTO sub_info(sub_id,number,tariff,client) VALUES (30,77563614685,3,63);
INSERT INTO sub_info(sub_id,number,tariff,client) VALUES (31,74166581943,82,161);
INSERT INTO sub_info(sub_id,number,tariff,client) VALUES (32,75964204065,3,58);
INSERT INTO sub_info(sub_id,number,tariff,client) VALUES (33,74309783256,11,5);
INSERT INTO sub_info(sub_id,number,tariff,client) VALUES (34,76735155009,6,103);
INSERT INTO sub_info(sub_id,number,tariff,client) VALUES (35,79753895471,11,90);
INSERT INTO sub_info(sub_id,number,tariff,client) VALUES (36,79397362326,82,186);
INSERT INTO sub_info(sub_id,number,tariff,client) VALUES (37,76714788103,3,95);
INSERT INTO sub_info(sub_id,number,tariff,client) VALUES (38,72349690230,11,59);
INSERT INTO sub_info(sub_id,number,tariff,client) VALUES (39,74138785048,6,115);
INSERT INTO sub_info(sub_id,number,tariff,client) VALUES (40,76514834668,82,21);
INSERT INTO sub_info(sub_id,number,tariff,client) VALUES (41,75514702978,6,179);
INSERT INTO sub_info(sub_id,number,tariff,client) VALUES (42,71648733123,3,153);
INSERT INTO sub_info(sub_id,number,tariff,client) VALUES (43,77265947804,3,172);
INSERT INTO sub_info(sub_id,number,tariff,client) VALUES (44,77855332811,3,168);
INSERT INTO sub_info(sub_id,number,tariff,client) VALUES (45,73343168767,6,142);
INSERT INTO sub_info(sub_id,number,tariff,client) VALUES (46,74471490923,11,35);
INSERT INTO sub_info(sub_id,number,tariff,client) VALUES (47,75196040494,6,86);
INSERT INTO sub_info(sub_id,number,tariff,client) VALUES (48,77878480098,82,154);
INSERT INTO sub_info(sub_id,number,tariff,client) VALUES (49,71736146940,3,84);
INSERT INTO sub_info(sub_id,number,tariff,client) VALUES (50,78469939463,11,75);
INSERT INTO sub_info(sub_id,number,tariff,client) VALUES (51,73435808325,3,73);
INSERT INTO sub_info(sub_id,number,tariff,client) VALUES (52,74653299744,3,74);
INSERT INTO sub_info(sub_id,number,tariff,client) VALUES (53,76908736617,82,45);
INSERT INTO sub_info(sub_id,number,tariff,client) VALUES (54,77023066738,82,43);
INSERT INTO sub_info(sub_id,number,tariff,client) VALUES (55,73961319403,3,40);
INSERT INTO sub_info(sub_id,number,tariff,client) VALUES (56,76899601737,3,130);
INSERT INTO sub_info(sub_id,number,tariff,client) VALUES (57,71341076227,11,188);
INSERT INTO sub_info(sub_id,number,tariff,client) VALUES (58,79241574000,11,26);
INSERT INTO sub_info(sub_id,number,tariff,client) VALUES (59,72580256045,82,110);
INSERT INTO sub_info(sub_id,number,tariff,client) VALUES (60,77693187572,11,96);
INSERT INTO sub_info(sub_id,number,tariff,client) VALUES (61,73050861075,82,181);
INSERT INTO sub_info(sub_id,number,tariff,client) VALUES (62,76911593496,82,15);
INSERT INTO sub_info(sub_id,number,tariff,client) VALUES (63,71879864770,11,98);
INSERT INTO sub_info(sub_id,number,tariff,client) VALUES (64,79186290154,11,79);
INSERT INTO sub_info(sub_id,number,tariff,client) VALUES (65,77837234395,3,17);
INSERT INTO sub_info(sub_id,number,tariff,client) VALUES (66,74641927377,11,175);
INSERT INTO sub_info(sub_id,number,tariff,client) VALUES (67,71605927441,6,29);
INSERT INTO sub_info(sub_id,number,tariff,client) VALUES (68,78958902337,11,64);
INSERT INTO sub_info(sub_id,number,tariff,client) VALUES (69,74159489404,11,134);
INSERT INTO sub_info(sub_id,number,tariff,client) VALUES (70,79881532942,3,151);
INSERT INTO sub_info(sub_id,number,tariff,client) VALUES (71,73281196652,3,34);
INSERT INTO sub_info(sub_id,number,tariff,client) VALUES (72,78688763484,6,176);
INSERT INTO sub_info(sub_id,number,tariff,client) VALUES (73,73486767280,3,10);
INSERT INTO sub_info(sub_id,number,tariff,client) VALUES (74,70445077576,82,139);
INSERT INTO sub_info(sub_id,number,tariff,client) VALUES (75,75142408089,3,11);
INSERT INTO sub_info(sub_id,number,tariff,client) VALUES (76,74908096261,6,159);
INSERT INTO sub_info(sub_id,number,tariff,client) VALUES (77,74069201253,82,22);
INSERT INTO sub_info(sub_id,number,tariff,client) VALUES (78,79415880840,11,76);
INSERT INTO sub_info(sub_id,number,tariff,client) VALUES (79,70956884895,11,46);
INSERT INTO sub_info(sub_id,number,tariff,client) VALUES (80,75008847103,11,109);
INSERT INTO sub_info(sub_id,number,tariff,client) VALUES (81,77178200256,82,60);
INSERT INTO sub_info(sub_id,number,tariff,client) VALUES (82,72600637323,3,87);
INSERT INTO sub_info(sub_id,number,tariff,client) VALUES (83,78286287853,3,108);
INSERT INTO sub_info(sub_id,number,tariff,client) VALUES (84,70347994240,82,97);
INSERT INTO sub_info(sub_id,number,tariff,client) VALUES (85,78464944844,82,72);
INSERT INTO sub_info(sub_id,number,tariff,client) VALUES (86,77784312423,3,173);
INSERT INTO sub_info(sub_id,number,tariff,client) VALUES (87,77586748049,11,184);
INSERT INTO sub_info(sub_id,number,tariff,client) VALUES (88,77308914750,6,14);
INSERT INTO sub_info(sub_id,number,tariff,client) VALUES (89,78668970687,6,191);
INSERT INTO sub_info(sub_id,number,tariff,client) VALUES (90,70284832295,3,196);
INSERT INTO sub_info(sub_id,number,tariff,client) VALUES (91,78749948770,3,93);
INSERT INTO sub_info(sub_id,number,tariff,client) VALUES (92,75525171623,6,116);
INSERT INTO sub_info(sub_id,number,tariff,client) VALUES (93,70874344522,3,55);
INSERT INTO sub_info(sub_id,number,tariff,client) VALUES (94,74689163001,82,177);
INSERT INTO sub_info(sub_id,number,tariff,client) VALUES (95,77131088814,3,92);
INSERT INTO sub_info(sub_id,number,tariff,client) VALUES (96,77715539062,6,61);
INSERT INTO sub_info(sub_id,number,tariff,client) VALUES (97,70494905585,11,150);
INSERT INTO sub_info(sub_id,number,tariff,client) VALUES (98,73826377423,3,180);
INSERT INTO sub_info(sub_id,number,tariff,client) VALUES (99,71825977032,11,119);
INSERT INTO sub_info(sub_id,number,tariff,client) VALUES (100,71052286850,11,166);
INSERT INTO sub_info(sub_id,number,tariff,client) VALUES (101,78426252721,3,83);
INSERT INTO sub_info(sub_id,number,tariff,client) VALUES (102,79036837545,6,54);
INSERT INTO sub_info(sub_id,number,tariff,client) VALUES (103,71598930660,6,80);
INSERT INTO sub_info(sub_id,number,tariff,client) VALUES (104,72423645581,6,193);
INSERT INTO sub_info(sub_id,number,tariff,client) VALUES (105,76127300155,6,120);
INSERT INTO sub_info(sub_id,number,tariff,client) VALUES (106,72345783911,3,91);
INSERT INTO sub_info(sub_id,number,tariff,client) VALUES (107,71955974807,11,187);
INSERT INTO sub_info(sub_id,number,tariff,client) VALUES (108,75652601767,3,143);
INSERT INTO sub_info(sub_id,number,tariff,client) VALUES (109,77608699670,6,57);
INSERT INTO sub_info(sub_id,number,tariff,client) VALUES (110,79297530810,11,148);
INSERT INTO sub_info(sub_id,number,tariff,client) VALUES (111,72881674532,6,24);
INSERT INTO sub_info(sub_id,number,tariff,client) VALUES (112,78461770224,3,51);
INSERT INTO sub_info(sub_id,number,tariff,client) VALUES (113,76696316711,6,136);
INSERT INTO sub_info(sub_id,number,tariff,client) VALUES (114,77904507564,11,1);
INSERT INTO sub_info(sub_id,number,tariff,client) VALUES (115,71878057374,6,124);
INSERT INTO sub_info(sub_id,number,tariff,client) VALUES (116,73322231339,11,3);
INSERT INTO sub_info(sub_id,number,tariff,client) VALUES (117,79655210510,3,48);
INSERT INTO sub_info(sub_id,number,tariff,client) VALUES (118,78879115420,82,127);
INSERT INTO sub_info(sub_id,number,tariff,client) VALUES (119,71406207172,82,117);
INSERT INTO sub_info(sub_id,number,tariff,client) VALUES (120,79752329818,11,197);
INSERT INTO sub_info(sub_id,number,tariff,client) VALUES (121,75466381926,82,112);
INSERT INTO sub_info(sub_id,number,tariff,client) VALUES (122,73086152995,6,131);
INSERT INTO sub_info(sub_id,number,tariff,client) VALUES (123,71803842845,82,199);
INSERT INTO sub_info(sub_id,number,tariff,client) VALUES (124,79518264714,6,12);
INSERT INTO sub_info(sub_id,number,tariff,client) VALUES (125,77247768190,6,102);
INSERT INTO sub_info(sub_id,number,tariff,client) VALUES (126,79717102884,11,123);
INSERT INTO sub_info(sub_id,number,tariff,client) VALUES (127,72401262938,82,4);
INSERT INTO sub_info(sub_id,number,tariff,client) VALUES (128,73508675177,6,138);
INSERT INTO sub_info(sub_id,number,tariff,client) VALUES (129,78896136911,6,38);
INSERT INTO sub_info(sub_id,number,tariff,client) VALUES (130,76961631150,3,47);
INSERT INTO sub_info(sub_id,number,tariff,client) VALUES (131,78690207373,6,189);
INSERT INTO sub_info(sub_id,number,tariff,client) VALUES (132,72170977610,3,32);
INSERT INTO sub_info(sub_id,number,tariff,client) VALUES (133,71659101554,82,18);
INSERT INTO sub_info(sub_id,number,tariff,client) VALUES (134,72150015302,82,41);
INSERT INTO sub_info(sub_id,number,tariff,client) VALUES (135,78517942620,11,164);
INSERT INTO sub_info(sub_id,number,tariff,client) VALUES (136,78423475588,82,99);
INSERT INTO sub_info(sub_id,number,tariff,client) VALUES (137,74888562750,11,149);
INSERT INTO sub_info(sub_id,number,tariff,client) VALUES (138,72545431163,3,77);
INSERT INTO sub_info(sub_id,number,tariff,client) VALUES (139,78390228495,11,36);
INSERT INTO sub_info(sub_id,number,tariff,client) VALUES (140,79573923737,3,126);
INSERT INTO sub_info(sub_id,number,tariff,client) VALUES (141,71947023837,11,174);
INSERT INTO sub_info(sub_id,number,tariff,client) VALUES (142,79741303051,11,129);
INSERT INTO sub_info(sub_id,number,tariff,client) VALUES (143,74722119446,3,141);
INSERT INTO sub_info(sub_id,number,tariff,client) VALUES (144,78254620488,82,200);
INSERT INTO sub_info(sub_id,number,tariff,client) VALUES (145,70179954864,82,69);
INSERT INTO sub_info(sub_id,number,tariff,client) VALUES (146,72476056710,11,192);
INSERT INTO sub_info(sub_id,number,tariff,client) VALUES (147,74239944689,11,44);
INSERT INTO sub_info(sub_id,number,tariff,client) VALUES (148,75412470909,11,195);
INSERT INTO sub_info(sub_id,number,tariff,client) VALUES (149,79817200154,82,190);
INSERT INTO sub_info(sub_id,number,tariff,client) VALUES (150,73781555488,3,16);
INSERT INTO sub_info(sub_id,number,tariff,client) VALUES (151,70420647319,6,183);
INSERT INTO sub_info(sub_id,number,tariff,client) VALUES (152,76331224540,6,19);
INSERT INTO sub_info(sub_id,number,tariff,client) VALUES (153,70117317193,3,185);
INSERT INTO sub_info(sub_id,number,tariff,client) VALUES (154,78398944487,11,31);
INSERT INTO sub_info(sub_id,number,tariff,client) VALUES (155,77714090533,82,49);
INSERT INTO sub_info(sub_id,number,tariff,client) VALUES (156,77235871527,6,118);
INSERT INTO sub_info(sub_id,number,tariff,client) VALUES (157,76772220439,6,140);
INSERT INTO sub_info(sub_id,number,tariff,client) VALUES (158,75882861937,6,147);
INSERT INTO sub_info(sub_id,number,tariff,client) VALUES (159,76787925306,6,165);
INSERT INTO sub_info(sub_id,number,tariff,client) VALUES (160,70479782828,82,133);
INSERT INTO sub_info(sub_id,number,tariff,client) VALUES (161,75301375362,11,100);
INSERT INTO sub_info(sub_id,number,tariff,client) VALUES (162,70099654333,3,171);
INSERT INTO sub_info(sub_id,number,tariff,client) VALUES (163,75229390186,6,182);
INSERT INTO sub_info(sub_id,number,tariff,client) VALUES (164,70993508286,3,157);
INSERT INTO sub_info(sub_id,number,tariff,client) VALUES (165,76873445834,82,78);
INSERT INTO sub_info(sub_id,number,tariff,client) VALUES (166,77844347529,6,88);
INSERT INTO sub_info(sub_id,number,tariff,client) VALUES (167,78716186561,3,137);
INSERT INTO sub_info(sub_id,number,tariff,client) VALUES (168,77018316702,3,114);
INSERT INTO sub_info(sub_id,number,tariff,client) VALUES (169,71901814538,82,7);
INSERT INTO sub_info(sub_id,number,tariff,client) VALUES (170,78796850425,3,52);
INSERT INTO sub_info(sub_id,number,tariff,client) VALUES (171,75778268192,11,56);
INSERT INTO sub_info(sub_id,number,tariff,client) VALUES (172,79022715310,6,70);
INSERT INTO sub_info(sub_id,number,tariff,client) VALUES (173,73447638283,82,106);
INSERT INTO sub_info(sub_id,number,tariff,client) VALUES (174,70639828138,11,68);
INSERT INTO sub_info(sub_id,number,tariff,client) VALUES (175,75605640368,6,146);
INSERT INTO sub_info(sub_id,number,tariff,client) VALUES (176,78115419875,11,8);
INSERT INTO sub_info(sub_id,number,tariff,client) VALUES (177,73816101171,82,71);
INSERT INTO sub_info(sub_id,number,tariff,client) VALUES (178,70159622994,82,155);
INSERT INTO sub_info(sub_id,number,tariff,client) VALUES (179,74396114478,82,9);
INSERT INTO sub_info(sub_id,number,tariff,client) VALUES (180,76033226246,3,167);
INSERT INTO sub_info(sub_id,number,tariff,client) VALUES (181,77323494149,82,101);
INSERT INTO sub_info(sub_id,number,tariff,client) VALUES (182,71661360129,82,42);
INSERT INTO sub_info(sub_id,number,tariff,client) VALUES (183,73185008648,3,163);
INSERT INTO sub_info(sub_id,number,tariff,client) VALUES (184,77007016195,6,39);
INSERT INTO sub_info(sub_id,number,tariff,client) VALUES (185,78577602563,82,196);
INSERT INTO sub_info(sub_id,number,tariff,client) VALUES (186,70323591205,3,25);
INSERT INTO sub_info(sub_id,number,tariff,client) VALUES (187,71315154811,6,15);
INSERT INTO sub_info(sub_id,number,tariff,client) VALUES (188,78713525045,82,60);
INSERT INTO sub_info(sub_id,number,tariff,client) VALUES (189,77625711626,82,181);
INSERT INTO sub_info(sub_id,number,tariff,client) VALUES (190,74252724866,82,92);
INSERT INTO sub_info(sub_id,number,tariff,client) VALUES (191,75281789562,6,79);
INSERT INTO sub_info(sub_id,number,tariff,client) VALUES (192,72980239567,82,30);
INSERT INTO sub_info(sub_id,number,tariff,client) VALUES (193,70873066472,6,158);
INSERT INTO sub_info(sub_id,number,tariff,client) VALUES (194,75242390597,11,94);
INSERT INTO sub_info(sub_id,number,tariff,client) VALUES (195,70072941576,3,160);
INSERT INTO sub_info(sub_id,number,tariff,client) VALUES (196,76469166073,82,57);
INSERT INTO sub_info(sub_id,number,tariff,client) VALUES (197,77859680359,11,14);
INSERT INTO sub_info(sub_id,number,tariff,client) VALUES (198,76790965642,6,108);
INSERT INTO sub_info(sub_id,number,tariff,client) VALUES (199,75495247112,11,111);
INSERT INTO sub_info(sub_id,number,tariff,client) VALUES (200,71094498593,3,51);
INSERT INTO sub_info(sub_id,number,tariff,client) VALUES (201,74778116018,3,110);
INSERT INTO sub_info(sub_id,number,tariff,client) VALUES (202,78437865393,6,193);
INSERT INTO sub_info(sub_id,number,tariff,client) VALUES (203,72802323089,82,178);
INSERT INTO sub_info(sub_id,number,tariff,client) VALUES (204,78084871640,6,41);
INSERT INTO sub_info(sub_id,number,tariff,client) VALUES (205,70970077344,3,86);
INSERT INTO sub_info(sub_id,number,tariff,client) VALUES (206,76062902765,11,177);
INSERT INTO sub_info(sub_id,number,tariff,client) VALUES (207,79068018502,82,11);
INSERT INTO sub_info(sub_id,number,tariff,client) VALUES (208,76827454650,3,82);
INSERT INTO sub_info(sub_id,number,tariff,client) VALUES (209,79151674806,82,188);
INSERT INTO sub_info(sub_id,number,tariff,client) VALUES (210,76307829860,82,55);
INSERT INTO sub_info(sub_id,number,tariff,client) VALUES (211,72352051983,82,17);
INSERT INTO sub_info(sub_id,number,tariff,client) VALUES (212,75312316648,3,85);
INSERT INTO sub_info(sub_id,number,tariff,client) VALUES (213,75522165361,6,54);
INSERT INTO sub_info(sub_id,number,tariff,client) VALUES (214,78710762950,6,53);
INSERT INTO sub_info(sub_id,number,tariff,client) VALUES (215,71411401860,82,34);
INSERT INTO sub_info(sub_id,number,tariff,client) VALUES (216,78062295144,6,48);
INSERT INTO sub_info(sub_id,number,tariff,client) VALUES (217,75675287863,82,156);
INSERT INTO sub_info(sub_id,number,tariff,client) VALUES (218,78802296117,82,134);
INSERT INTO sub_info(sub_id,number,tariff,client) VALUES (219,73890118699,3,45);
INSERT INTO sub_info(sub_id,number,tariff,client) VALUES (220,73914366873,3,71);
INSERT INTO sub_info(sub_id,number,tariff,client) VALUES (221,73931122596,3,5);
INSERT INTO sub_info(sub_id,number,tariff,client) VALUES (222,72671451814,3,22);
INSERT INTO sub_info(sub_id,number,tariff,client) VALUES (223,77303254145,3,180);
INSERT INTO sub_info(sub_id,number,tariff,client) VALUES (224,76641937527,6,118);
INSERT INTO sub_info(sub_id,number,tariff,client) VALUES (225,74520037985,82,185);
INSERT INTO sub_info(sub_id,number,tariff,client) VALUES (226,74028627895,82,157);
INSERT INTO sub_info(sub_id,number,tariff,client) VALUES (227,72180086947,6,12);
INSERT INTO sub_info(sub_id,number,tariff,client) VALUES (228,74184892153,3,24);
INSERT INTO sub_info(sub_id,number,tariff,client) VALUES (229,75729407727,82,36);
INSERT INTO sub_info(sub_id,number,tariff,client) VALUES (230,74482746679,11,129);
INSERT INTO sub_info(sub_id,number,tariff,client) VALUES (231,79933905707,6,184);
INSERT INTO sub_info(sub_id,number,tariff,client) VALUES (232,75092612688,3,117);
INSERT INTO sub_info(sub_id,number,tariff,client) VALUES (233,75000844363,82,140);
INSERT INTO sub_info(sub_id,number,tariff,client) VALUES (234,71209699922,11,38);
INSERT INTO sub_info(sub_id,number,tariff,client) VALUES (235,73350472599,11,29);
INSERT INTO sub_info(sub_id,number,tariff,client) VALUES (236,75775414505,82,142);
INSERT INTO sub_info(sub_id,number,tariff,client) VALUES (237,78311347386,82,58);
INSERT INTO sub_info(sub_id,number,tariff,client) VALUES (238,70775532836,3,170);
INSERT INTO sub_info(sub_id,number,tariff,client) VALUES (239,73290873855,11,31);
INSERT INTO sub_info(sub_id,number,tariff,client) VALUES (240,78784670627,6,37);
INSERT INTO sub_info(sub_id,number,tariff,client) VALUES (241,70137123237,3,33);
INSERT INTO sub_info(sub_id,number,tariff,client) VALUES (242,70450113855,82,104);
INSERT INTO sub_info(sub_id,number,tariff,client) VALUES (243,72012830077,82,176);
INSERT INTO sub_info(sub_id,number,tariff,client) VALUES (244,70032335453,82,47);
INSERT INTO sub_info(sub_id,number,tariff,client) VALUES (245,71731843588,3,6);
INSERT INTO sub_info(sub_id,number,tariff,client) VALUES (246,73475594659,6,171);
INSERT INTO sub_info(sub_id,number,tariff,client) VALUES (247,73617102857,3,165);
INSERT INTO sub_info(sub_id,number,tariff,client) VALUES (248,71535573970,82,64);
INSERT INTO sub_info(sub_id,number,tariff,client) VALUES (249,77630094611,3,167);
INSERT INTO sub_info(sub_id,number,tariff,client) VALUES (250,78952662274,11,123);
INSERT INTO sub_info(sub_id,number,tariff,client) VALUES (251,77735093858,82,52);
INSERT INTO sub_info(sub_id,number,tariff,client) VALUES (252,78266677553,82,77);
INSERT INTO sub_info(sub_id,number,tariff,client) VALUES (253,70046211447,11,195);
INSERT INTO sub_info(sub_id,number,tariff,client) VALUES (254,71517169993,11,154);
INSERT INTO sub_info(sub_id,number,tariff,client) VALUES (255,70666284532,82,87);
INSERT INTO sub_info(sub_id,number,tariff,client) VALUES (256,78995080180,6,124);
INSERT INTO sub_info(sub_id,number,tariff,client) VALUES (257,74162969575,3,40);
INSERT INTO sub_info(sub_id,number,tariff,client) VALUES (258,75094101097,82,182);
INSERT INTO sub_info(sub_id,number,tariff,client) VALUES (259,71357764707,82,114);
INSERT INTO sub_info(sub_id,number,tariff,client) VALUES (260,71020221124,82,101);
INSERT INTO sub_info(sub_id,number,tariff,client) VALUES (261,72027317453,82,81);
INSERT INTO sub_info(sub_id,number,tariff,client) VALUES (262,77420692210,3,28);
INSERT INTO sub_info(sub_id,number,tariff,client) VALUES (263,73095458349,82,65);
INSERT INTO sub_info(sub_id,number,tariff,client) VALUES (264,76945429041,3,19);
INSERT INTO sub_info(sub_id,number,tariff,client) VALUES (265,75625913257,11,125);
INSERT INTO sub_info(sub_id,number,tariff,client) VALUES (266,71819341057,6,44);
INSERT INTO sub_info(sub_id,number,tariff,client) VALUES (267,70388329203,11,190);
INSERT INTO sub_info(sub_id,number,tariff,client) VALUES (268,79605246871,11,138);
INSERT INTO sub_info(sub_id,number,tariff,client) VALUES (269,71848795121,82,4);
INSERT INTO sub_info(sub_id,number,tariff,client) VALUES (270,71476241303,82,148);
INSERT INTO sub_info(sub_id,number,tariff,client) VALUES (271,74818377521,11,187);
INSERT INTO sub_info(sub_id,number,tariff,client) VALUES (272,75461209724,3,3);
INSERT INTO sub_info(sub_id,number,tariff,client) VALUES (273,75371011655,6,8);
INSERT INTO sub_info(sub_id,number,tariff,client) VALUES (274,73585906066,3,132);
INSERT INTO sub_info(sub_id,number,tariff,client) VALUES (275,79931208359,82,106);
INSERT INTO sub_info(sub_id,number,tariff,client) VALUES (276,74245750477,82,121);
INSERT INTO sub_info(sub_id,number,tariff,client) VALUES (277,72729113910,82,150);
INSERT INTO sub_info(sub_id,number,tariff,client) VALUES (278,71573244159,11,43);
INSERT INTO sub_info(sub_id,number,tariff,client) VALUES (279,75966236548,3,192);
INSERT INTO sub_info(sub_id,number,tariff,client) VALUES (280,79991297559,3,59);
INSERT INTO sub_info(sub_id,number,tariff,client) VALUES (281,76152578005,3,169);
INSERT INTO sub_info(sub_id,number,tariff,client) VALUES (282,75354730678,82,144);
INSERT INTO sub_info(sub_id,number,tariff,client) VALUES (283,79757619166,11,164);
INSERT INTO sub_info(sub_id,number,tariff,client) VALUES (284,77769633597,6,183);
INSERT INTO sub_info(sub_id,number,tariff,client) VALUES (285,71478187350,3,66);
INSERT INTO sub_info(sub_id,number,tariff,client) VALUES (286,72194217276,82,56);
INSERT INTO sub_info(sub_id,number,tariff,client) VALUES (287,76246748490,11,35);
INSERT INTO sub_info(sub_id,number,tariff,client) VALUES (288,70260006437,82,173);
INSERT INTO sub_info(sub_id,number,tariff,client) VALUES (289,70224768629,6,198);
INSERT INTO sub_info(sub_id,number,tariff,client) VALUES (290,76856112314,3,162);
INSERT INTO sub_info(sub_id,number,tariff,client) VALUES (291,77352724053,82,99);
INSERT INTO sub_info(sub_id,number,tariff,client) VALUES (292,78768718197,3,61);
INSERT INTO sub_info(sub_id,number,tariff,client) VALUES (293,75500356068,82,21);
INSERT INTO sub_info(sub_id,number,tariff,client) VALUES (294,77674308291,3,197);
INSERT INTO sub_info(sub_id,number,tariff,client) VALUES (295,73871155236,3,50);
INSERT INTO sub_info(sub_id,number,tariff,client) VALUES (296,76434693108,6,172);
INSERT INTO sub_info(sub_id,number,tariff,client) VALUES (297,74688746465,6,84);
INSERT INTO sub_info(sub_id,number,tariff,client) VALUES (298,72944248301,11,145);
INSERT INTO sub_info(sub_id,number,tariff,client) VALUES (299,78859311902,3,80);
INSERT INTO sub_info(sub_id,number,tariff,client) VALUES (300,74370929568,6,147);
