INSERT INTO public.tariffs (id, fixed_minute_price, fixed_minutes, fixed_price, is_incoming_free, minute_price, name, next_tariff_after_fixed_minutes_id, other_operator_tariff_id) VALUES (6, null, 300, 100, false, 1, 'Безлимит 300', null, null);
INSERT INTO public.tariffs (id, fixed_minute_price, fixed_minutes, fixed_price, is_incoming_free, minute_price, name, next_tariff_after_fixed_minutes_id, other_operator_tariff_id) VALUES (3, null, null, null, false, 1.5, 'Поминутный', null, null);
INSERT INTO public.tariffs (id, fixed_minute_price, fixed_minutes, fixed_price, is_incoming_free, minute_price, name, next_tariff_after_fixed_minutes_id, other_operator_tariff_id) VALUES (11, 0.5, 100, null, true, null, 'Обычный', 3, null);
INSERT INTO public.tariffs (id, fixed_minute_price, fixed_minutes, fixed_price, is_incoming_free, minute_price, name, next_tariff_after_fixed_minutes_id, other_operator_tariff_id) VALUES (82, null, null, null, true, 0, 'Тариф Х', null, 3);

INSERT INTO users(user_id,username,password,role) VALUES (1,'qfine0','qfine0','CLIENT');
INSERT INTO users(user_id,username,password,role) VALUES (2,'dskillern1','dskillern1','CLIENT');
INSERT INTO users(user_id,username,password,role) VALUES (3,'ahews2','ahews2','CLIENT');
INSERT INTO users(user_id,username,password,role) VALUES (4,'askiplorne3','askiplorne3','CLIENT');
INSERT INTO users(user_id,username,password,role) VALUES (5,'knewark4','knewark4','CLIENT');
INSERT INTO users(user_id,username,password,role) VALUES (6,'chuertas5','chuertas5','CLIENT');
INSERT INTO users(user_id,username,password,role) VALUES (7,'dfullegar6','dfullegar6','CLIENT');
INSERT INTO users(user_id,username,password,role) VALUES (8,'hsygroves7','hsygroves7','CLIENT');
INSERT INTO users(user_id,username,password,role) VALUES (9,'sgregg8','sgregg8','CLIENT');
INSERT INTO users(user_id,username,password,role) VALUES (10,'aknoller9','aknoller9','CLIENT');
INSERT INTO users(user_id,username,password,role) VALUES (11,'cgriera','cgriera','CLIENT');
INSERT INTO users(user_id,username,password,role) VALUES (12,'dandersb','dandersb','CLIENT');
INSERT INTO users(user_id,username,password,role) VALUES (13,'adubosec','adubosec','CLIENT');
INSERT INTO users(user_id,username,password,role) VALUES (14,'fpollicoted','fpollicoted','CLIENT');
INSERT INTO users(user_id,username,password,role) VALUES (15,'hebankse','hebankse','CLIENT');
INSERT INTO users(user_id,username,password,role) VALUES (16,'jmalebyf','jmalebyf','CLIENT');
INSERT INTO users(user_id,username,password,role) VALUES (17,'mtunuyg','mtunuyg','CLIENT');
INSERT INTO users(user_id,username,password,role) VALUES (18,'ddummetth','ddummetth','CLIENT');
INSERT INTO users(user_id,username,password,role) VALUES (19,'rlearmani','rlearmani','CLIENT');
INSERT INTO users(user_id,username,password,role) VALUES (20,'mbuchej','mbuchej','CLIENT');
INSERT INTO users(user_id,username,password,role) VALUES (21,'aschimaschkek','aschimaschkek','CLIENT');
INSERT INTO users(user_id,username,password,role) VALUES (22,'rwringel','rwringel','CLIENT');
INSERT INTO users(user_id,username,password,role) VALUES (23,'chaseldenm','chaseldenm','CLIENT');
INSERT INTO users(user_id,username,password,role) VALUES (24,'dheinzlern','dheinzlern','CLIENT');
INSERT INTO users(user_id,username,password,role) VALUES (25,'qduffrieo','qduffrieo','CLIENT');
INSERT INTO users(user_id,username,password,role) VALUES (26,'nbunklep','nbunklep','CLIENT');
INSERT INTO users(user_id,username,password,role) VALUES (27,'jcanapeq','jcanapeq','CLIENT');
INSERT INTO users(user_id,username,password,role) VALUES (28,'cfinneyr','cfinneyr','CLIENT');
INSERT INTO users(user_id,username,password,role) VALUES (29,'gshuters','gshuters','CLIENT');
INSERT INTO users(user_id,username,password,role) VALUES (30,'bfieldhouset','bfieldhouset','CLIENT');
INSERT INTO users(user_id,username,password,role) VALUES (31,'ffarndonu','ffarndonu','CLIENT');
INSERT INTO users(user_id,username,password,role) VALUES (32,'acowiev','acowiev','CLIENT');
INSERT INTO users(user_id,username,password,role) VALUES (33,'tjermeyw','tjermeyw','CLIENT');
INSERT INTO users(user_id,username,password,role) VALUES (34,'wdomoneyx','wdomoneyx','CLIENT');
INSERT INTO users(user_id,username,password,role) VALUES (35,'sstoeckley','sstoeckley','CLIENT');
INSERT INTO users(user_id,username,password,role) VALUES (36,'hbelchemz','hbelchemz','CLIENT');
INSERT INTO users(user_id,username,password,role) VALUES (37,'vrockwill10','vrockwill10','CLIENT');
INSERT INTO users(user_id,username,password,role) VALUES (38,'bdevanny11','bdevanny11','CLIENT');
INSERT INTO users(user_id,username,password,role) VALUES (39,'sedwin12','sedwin12','CLIENT');
INSERT INTO users(user_id,username,password,role) VALUES (40,'lbestiman13','lbestiman13','CLIENT');
INSERT INTO users(user_id,username,password,role) VALUES (41,'tgilgryst14','tgilgryst14','CLIENT');
INSERT INTO users(user_id,username,password,role) VALUES (42,'bbroome15','bbroome15','CLIENT');
INSERT INTO users(user_id,username,password,role) VALUES (43,'bbaron16','bbaron16','CLIENT');
INSERT INTO users(user_id,username,password,role) VALUES (44,'pdesport17','pdesport17','CLIENT');
INSERT INTO users(user_id,username,password,role) VALUES (45,'jnickless18','jnickless18','CLIENT');
INSERT INTO users(user_id,username,password,role) VALUES (46,'fmayhow19','fmayhow19','CLIENT');
INSERT INTO users(user_id,username,password,role) VALUES (47,'jmordin1a','jmordin1a','CLIENT');
INSERT INTO users(user_id,username,password,role) VALUES (48,'fdaudray1b','fdaudray1b','CLIENT');
INSERT INTO users(user_id,username,password,role) VALUES (49,'tgillani1c','tgillani1c','CLIENT');
INSERT INTO users(user_id,username,password,role) VALUES (50,'efigurski1d','efigurski1d','CLIENT');
INSERT INTO users(user_id,username,password,role) VALUES (51,'smatchitt1e','smatchitt1e','CLIENT');
INSERT INTO users(user_id,username,password,role) VALUES (52,'tboobyer1f','tboobyer1f','CLIENT');
INSERT INTO users(user_id,username,password,role) VALUES (53,'mdowrey1g','mdowrey1g','CLIENT');
INSERT INTO users(user_id,username,password,role) VALUES (54,'bdemanche1h','bdemanche1h','CLIENT');
INSERT INTO users(user_id,username,password,role) VALUES (55,'mzimek1i','mzimek1i','CLIENT');
INSERT INTO users(user_id,username,password,role) VALUES (56,'fsquibb1j','fsquibb1j','CLIENT');
INSERT INTO users(user_id,username,password,role) VALUES (57,'rgentreau1k','rgentreau1k','CLIENT');
INSERT INTO users(user_id,username,password,role) VALUES (58,'csarra1l','csarra1l','CLIENT');
INSERT INTO users(user_id,username,password,role) VALUES (59,'rcaplis1m','rcaplis1m','CLIENT');
INSERT INTO users(user_id,username,password,role) VALUES (60,'mhoundesome1n','mhoundesome1n','CLIENT');
INSERT INTO users(user_id,username,password,role) VALUES (61,'ahowley1o','ahowley1o','CLIENT');
INSERT INTO users(user_id,username,password,role) VALUES (62,'mprozescky1p','mprozescky1p','CLIENT');
INSERT INTO users(user_id,username,password,role) VALUES (63,'egoreway1q','egoreway1q','CLIENT');
INSERT INTO users(user_id,username,password,role) VALUES (64,'rstanluck1r','rstanluck1r','CLIENT');
INSERT INTO users(user_id,username,password,role) VALUES (65,'tgooddy1s','tgooddy1s','CLIENT');
INSERT INTO users(user_id,username,password,role) VALUES (66,'xjewiss1t','xjewiss1t','CLIENT');
INSERT INTO users(user_id,username,password,role) VALUES (67,'geathorne1u','geathorne1u','CLIENT');
INSERT INTO users(user_id,username,password,role) VALUES (68,'ehatherill1v','ehatherill1v','CLIENT');
INSERT INTO users(user_id,username,password,role) VALUES (69,'daldin1w','daldin1w','CLIENT');
INSERT INTO users(user_id,username,password,role) VALUES (70,'ibarthelet1x','ibarthelet1x','CLIENT');
INSERT INTO users(user_id,username,password,role) VALUES (71,'atuny1y','atuny1y','CLIENT');
INSERT INTO users(user_id,username,password,role) VALUES (72,'sgiorgi1z','sgiorgi1z','CLIENT');
INSERT INTO users(user_id,username,password,role) VALUES (73,'rdunseath20','rdunseath20','CLIENT');
INSERT INTO users(user_id,username,password,role) VALUES (74,'lcatonne21','lcatonne21','CLIENT');
INSERT INTO users(user_id,username,password,role) VALUES (75,'toman22','toman22','CLIENT');
INSERT INTO users(user_id,username,password,role) VALUES (76,'jmcturley23','jmcturley23','CLIENT');
INSERT INTO users(user_id,username,password,role) VALUES (77,'ksquibe24','ksquibe24','CLIENT');
INSERT INTO users(user_id,username,password,role) VALUES (78,'rmacrannell25','rmacrannell25','CLIENT');
INSERT INTO users(user_id,username,password,role) VALUES (79,'hdymocke26','hdymocke26','CLIENT');
INSERT INTO users(user_id,username,password,role) VALUES (80,'bgath27','bgath27','CLIENT');
INSERT INTO users(user_id,username,password,role) VALUES (81,'jmendenhall28','jmendenhall28','CLIENT');
INSERT INTO users(user_id,username,password,role) VALUES (82,'kharms29','kharms29','CLIENT');
INSERT INTO users(user_id,username,password,role) VALUES (83,'hbreckwell2a','hbreckwell2a','CLIENT');
INSERT INTO users(user_id,username,password,role) VALUES (84,'radanet2b','radanet2b','CLIENT');
INSERT INTO users(user_id,username,password,role) VALUES (85,'tbaal2c','tbaal2c','CLIENT');
INSERT INTO users(user_id,username,password,role) VALUES (86,'mspelwood2d','mspelwood2d','CLIENT');
INSERT INTO users(user_id,username,password,role) VALUES (87,'rdowson2e','rdowson2e','CLIENT');
INSERT INTO users(user_id,username,password,role) VALUES (88,'tbulpitt2f','tbulpitt2f','CLIENT');
INSERT INTO users(user_id,username,password,role) VALUES (89,'jiacovielli2g','jiacovielli2g','CLIENT');
INSERT INTO users(user_id,username,password,role) VALUES (90,'sbonnell2h','sbonnell2h','CLIENT');
INSERT INTO users(user_id,username,password,role) VALUES (91,'mwrankling2i','mwrankling2i','CLIENT');
INSERT INTO users(user_id,username,password,role) VALUES (92,'bhunton2j','bhunton2j','CLIENT');
INSERT INTO users(user_id,username,password,role) VALUES (93,'okilkenny2k','okilkenny2k','CLIENT');
INSERT INTO users(user_id,username,password,role) VALUES (94,'hosmar2l','hosmar2l','CLIENT');
INSERT INTO users(user_id,username,password,role) VALUES (95,'mfripp2m','mfripp2m','CLIENT');
INSERT INTO users(user_id,username,password,role) VALUES (96,'krevell2n','krevell2n','CLIENT');
INSERT INTO users(user_id,username,password,role) VALUES (97,'tcathery2o','tcathery2o','CLIENT');
INSERT INTO users(user_id,username,password,role) VALUES (98,'lwelden2p','lwelden2p','CLIENT');
INSERT INTO users(user_id,username,password,role) VALUES (99,'jgoward2q','jgoward2q','CLIENT');
INSERT INTO users(user_id,username,password,role) VALUES (100,'msallis2r','msallis2r','CLIENT');
INSERT INTO users(user_id,username,password,role) VALUES (101,'lmacandie2s','lmacandie2s','CLIENT');
INSERT INTO users(user_id,username,password,role) VALUES (102,'dquennell2t','dquennell2t','CLIENT');
INSERT INTO users(user_id,username,password,role) VALUES (103,'obrougham2u','obrougham2u','CLIENT');
INSERT INTO users(user_id,username,password,role) VALUES (104,'rewebank2v','rewebank2v','CLIENT');
INSERT INTO users(user_id,username,password,role) VALUES (105,'hiskowitz2w','hiskowitz2w','CLIENT');
INSERT INTO users(user_id,username,password,role) VALUES (106,'mblackley2x','mblackley2x','CLIENT');
INSERT INTO users(user_id,username,password,role) VALUES (107,'lhawkyens2y','lhawkyens2y','CLIENT');
INSERT INTO users(user_id,username,password,role) VALUES (108,'mtoombes2z','mtoombes2z','CLIENT');
INSERT INTO users(user_id,username,password,role) VALUES (109,'jharesnaip30','jharesnaip30','CLIENT');
INSERT INTO users(user_id,username,password,role) VALUES (110,'bmcjerrow31','bmcjerrow31','CLIENT');
INSERT INTO users(user_id,username,password,role) VALUES (111,'emcelory32','emcelory32','CLIENT');
INSERT INTO users(user_id,username,password,role) VALUES (112,'cgilbeart33','cgilbeart33','CLIENT');
INSERT INTO users(user_id,username,password,role) VALUES (113,'pboreland34','pboreland34','CLIENT');
INSERT INTO users(user_id,username,password,role) VALUES (114,'ariddich35','ariddich35','CLIENT');
INSERT INTO users(user_id,username,password,role) VALUES (115,'hchawkley36','hchawkley36','CLIENT');
INSERT INTO users(user_id,username,password,role) VALUES (116,'frickarsey37','frickarsey37','CLIENT');
INSERT INTO users(user_id,username,password,role) VALUES (117,'jreaper38','jreaper38','CLIENT');
INSERT INTO users(user_id,username,password,role) VALUES (118,'atomek39','atomek39','CLIENT');
INSERT INTO users(user_id,username,password,role) VALUES (119,'rgabb3a','rgabb3a','CLIENT');
INSERT INTO users(user_id,username,password,role) VALUES (120,'ysheryn3b','ysheryn3b','CLIENT');
INSERT INTO users(user_id,username,password,role) VALUES (121,'dfulks3c','dfulks3c','CLIENT');
INSERT INTO users(user_id,username,password,role) VALUES (122,'bdeal3d','bdeal3d','CLIENT');
INSERT INTO users(user_id,username,password,role) VALUES (123,'travenshear3e','travenshear3e','CLIENT');
INSERT INTO users(user_id,username,password,role) VALUES (124,'jdahmel3f','jdahmel3f','CLIENT');
INSERT INTO users(user_id,username,password,role) VALUES (125,'gacom3g','gacom3g','CLIENT');
INSERT INTO users(user_id,username,password,role) VALUES (126,'rpassie3h','rpassie3h','CLIENT');
INSERT INTO users(user_id,username,password,role) VALUES (127,'teadie3i','teadie3i','CLIENT');
INSERT INTO users(user_id,username,password,role) VALUES (128,'rpadefield3j','rpadefield3j','CLIENT');
INSERT INTO users(user_id,username,password,role) VALUES (129,'mnorwich3k','mnorwich3k','CLIENT');
INSERT INTO users(user_id,username,password,role) VALUES (130,'wbalf3l','wbalf3l','CLIENT');
INSERT INTO users(user_id,username,password,role) VALUES (131,'farran3m','farran3m','CLIENT');
INSERT INTO users(user_id,username,password,role) VALUES (132,'dscardafield3n','dscardafield3n','CLIENT');
INSERT INTO users(user_id,username,password,role) VALUES (133,'jmarmyon3o','jmarmyon3o','CLIENT');
INSERT INTO users(user_id,username,password,role) VALUES (134,'dchallice3p','dchallice3p','CLIENT');
INSERT INTO users(user_id,username,password,role) VALUES (135,'milieve3q','milieve3q','CLIENT');
INSERT INTO users(user_id,username,password,role) VALUES (136,'briepl3r','briepl3r','CLIENT');
INSERT INTO users(user_id,username,password,role) VALUES (137,'bhartridge3s','bhartridge3s','CLIENT');
INSERT INTO users(user_id,username,password,role) VALUES (138,'eponnsett3t','eponnsett3t','CLIENT');
INSERT INTO users(user_id,username,password,role) VALUES (139,'cshilliday3u','cshilliday3u','CLIENT');
INSERT INTO users(user_id,username,password,role) VALUES (140,'dlatta3v','dlatta3v','CLIENT');
INSERT INTO users(user_id,username,password,role) VALUES (141,'rmatuszyk3w','rmatuszyk3w','CLIENT');
INSERT INTO users(user_id,username,password,role) VALUES (142,'mscattergood3x','mscattergood3x','CLIENT');
INSERT INTO users(user_id,username,password,role) VALUES (143,'jyewman3y','jyewman3y','CLIENT');
INSERT INTO users(user_id,username,password,role) VALUES (144,'ahearson3z','ahearson3z','CLIENT');
INSERT INTO users(user_id,username,password,role) VALUES (145,'gmcfall40','gmcfall40','CLIENT');
INSERT INTO users(user_id,username,password,role) VALUES (146,'elevett41','elevett41','CLIENT');
INSERT INTO users(user_id,username,password,role) VALUES (147,'hpirie42','hpirie42','CLIENT');
INSERT INTO users(user_id,username,password,role) VALUES (148,'hgavigan43','hgavigan43','CLIENT');
INSERT INTO users(user_id,username,password,role) VALUES (149,'tberrisford44','tberrisford44','CLIENT');
INSERT INTO users(user_id,username,password,role) VALUES (150,'tdelyth45','tdelyth45','CLIENT');
INSERT INTO users(user_id,username,password,role) VALUES (151,'ascattergood46','ascattergood46','CLIENT');
INSERT INTO users(user_id,username,password,role) VALUES (152,'atattam47','atattam47','CLIENT');
INSERT INTO users(user_id,username,password,role) VALUES (153,'bwinterscale48','bwinterscale48','CLIENT');
INSERT INTO users(user_id,username,password,role) VALUES (154,'kbardey49','kbardey49','CLIENT');
INSERT INTO users(user_id,username,password,role) VALUES (155,'jdevil4a','jdevil4a','CLIENT');
INSERT INTO users(user_id,username,password,role) VALUES (156,'ntomasian4b','ntomasian4b','CLIENT');
INSERT INTO users(user_id,username,password,role) VALUES (157,'cchantree4c','cchantree4c','CLIENT');
INSERT INTO users(user_id,username,password,role) VALUES (158,'clerhinan4d','clerhinan4d','CLIENT');
INSERT INTO users(user_id,username,password,role) VALUES (159,'riacobini4e','riacobini4e','CLIENT');
INSERT INTO users(user_id,username,password,role) VALUES (160,'ejeste4f','ejeste4f','CLIENT');
INSERT INTO users(user_id,username,password,role) VALUES (161,'cadamowitz4g','cadamowitz4g','CLIENT');
INSERT INTO users(user_id,username,password,role) VALUES (162,'bamorts4h','bamorts4h','CLIENT');
INSERT INTO users(user_id,username,password,role) VALUES (163,'fsapsford4i','fsapsford4i','CLIENT');
INSERT INTO users(user_id,username,password,role) VALUES (164,'morthmann4j','morthmann4j','CLIENT');
INSERT INTO users(user_id,username,password,role) VALUES (165,'erosbottom4k','erosbottom4k','CLIENT');
INSERT INTO users(user_id,username,password,role) VALUES (166,'chatje4l','chatje4l','CLIENT');
INSERT INTO users(user_id,username,password,role) VALUES (167,'cjohansen4m','cjohansen4m','CLIENT');
INSERT INTO users(user_id,username,password,role) VALUES (168,'cdiffley4n','cdiffley4n','CLIENT');
INSERT INTO users(user_id,username,password,role) VALUES (169,'dcherrington4o','dcherrington4o','CLIENT');
INSERT INTO users(user_id,username,password,role) VALUES (170,'pshowers4p','pshowers4p','CLIENT');
INSERT INTO users(user_id,username,password,role) VALUES (171,'bcrystal4q','bcrystal4q','CLIENT');
INSERT INTO users(user_id,username,password,role) VALUES (172,'dmillier4r','dmillier4r','CLIENT');
INSERT INTO users(user_id,username,password,role) VALUES (173,'radamovitz4s','radamovitz4s','CLIENT');
INSERT INTO users(user_id,username,password,role) VALUES (174,'pyushachkov4t','pyushachkov4t','CLIENT');
INSERT INTO users(user_id,username,password,role) VALUES (175,'sscutchin4u','sscutchin4u','CLIENT');
INSERT INTO users(user_id,username,password,role) VALUES (176,'msholl4v','msholl4v','CLIENT');
INSERT INTO users(user_id,username,password,role) VALUES (177,'mroly4w','mroly4w','CLIENT');
INSERT INTO users(user_id,username,password,role) VALUES (178,'dsomers4x','dsomers4x','CLIENT');
INSERT INTO users(user_id,username,password,role) VALUES (179,'jbetteriss4y','jbetteriss4y','CLIENT');
INSERT INTO users(user_id,username,password,role) VALUES (180,'tquincey4z','tquincey4z','CLIENT');
INSERT INTO users(user_id,username,password,role) VALUES (181,'akirsop50','akirsop50','CLIENT');
INSERT INTO users(user_id,username,password,role) VALUES (182,'rgiannotti51','rgiannotti51','CLIENT');
INSERT INTO users(user_id,username,password,role) VALUES (183,'flukock52','flukock52','CLIENT');
INSERT INTO users(user_id,username,password,role) VALUES (184,'rrussilll53','rrussilll53','CLIENT');
INSERT INTO users(user_id,username,password,role) VALUES (185,'pjozsef54','pjozsef54','CLIENT');
INSERT INTO users(user_id,username,password,role) VALUES (186,'hvarne55','hvarne55','CLIENT');
INSERT INTO users(user_id,username,password,role) VALUES (187,'hpailin56','hpailin56','CLIENT');
INSERT INTO users(user_id,username,password,role) VALUES (188,'vdronsfield57','vdronsfield57','CLIENT');
INSERT INTO users(user_id,username,password,role) VALUES (189,'ncathrall58','ncathrall58','CLIENT');
INSERT INTO users(user_id,username,password,role) VALUES (190,'eneale59','eneale59','CLIENT');
INSERT INTO users(user_id,username,password,role) VALUES (191,'cguild5a','cguild5a','CLIENT');
INSERT INTO users(user_id,username,password,role) VALUES (192,'cgaffey5b','cgaffey5b','CLIENT');
INSERT INTO users(user_id,username,password,role) VALUES (193,'bdanshin5c','bdanshin5c','CLIENT');
INSERT INTO users(user_id,username,password,role) VALUES (194,'echeevers5d','echeevers5d','CLIENT');
INSERT INTO users(user_id,username,password,role) VALUES (195,'pkunzel5e','pkunzel5e','CLIENT');
INSERT INTO users(user_id,username,password,role) VALUES (196,'swalsom5f','swalsom5f','CLIENT');
INSERT INTO users(user_id,username,password,role) VALUES (197,'vbarde5g','vbarde5g','CLIENT');
INSERT INTO users(user_id,username,password,role) VALUES (198,'achapelhow5h','achapelhow5h','CLIENT');
INSERT INTO users(user_id,username,password,role) VALUES (199,'zsievewright5i','zsievewright5i','CLIENT');
INSERT INTO users(user_id,username,password,role) VALUES (200,'dgerardin5j','dgerardin5j','CLIENT');
INSERT INTO users(user_id,username,password,role) VALUES (201,'seschalette5k','seschalette5k','CLIENT');
INSERT INTO users(user_id,username,password,role) VALUES (202,'aszymonwicz5l','aszymonwicz5l','CLIENT');
INSERT INTO users(user_id,username,password,role) VALUES (203,'brichfield5m','brichfield5m','CLIENT');
INSERT INTO users(user_id,username,password,role) VALUES (204,'dlighton5n','dlighton5n','CLIENT');
INSERT INTO users(user_id,username,password,role) VALUES (205,'sfilpo5o','sfilpo5o','CLIENT');
INSERT INTO users(user_id,username,password,role) VALUES (206,'hrubinsaft5p','hrubinsaft5p','CLIENT');
INSERT INTO users(user_id,username,password,role) VALUES (207,'gpetkens5q','gpetkens5q','CLIENT');
INSERT INTO users(user_id,username,password,role) VALUES (208,'ashackleford5r','ashackleford5r','CLIENT');
INSERT INTO users(user_id,username,password,role) VALUES (209,'rstrangwood5s','rstrangwood5s','CLIENT');
INSERT INTO users(user_id,username,password,role) VALUES (210,'adorbon5t','adorbon5t','CLIENT');
INSERT INTO users(user_id,username,password,role) VALUES (211,'cingle5u','cingle5u','CLIENT');
INSERT INTO users(user_id,username,password,role) VALUES (212,'muzzell5v','muzzell5v','CLIENT');
INSERT INTO users(user_id,username,password,role) VALUES (213,'sfache5w','sfache5w','CLIENT');
INSERT INTO users(user_id,username,password,role) VALUES (214,'bpollok5x','bpollok5x','CLIENT');
INSERT INTO users(user_id,username,password,role) VALUES (215,'mwarrell5y','mwarrell5y','CLIENT');
INSERT INTO users(user_id,username,password,role) VALUES (216,'dtheakston5z','dtheakston5z','CLIENT');
INSERT INTO users(user_id,username,password,role) VALUES (217,'lsherston60','lsherston60','CLIENT');
INSERT INTO users(user_id,username,password,role) VALUES (218,'nruss61','nruss61','CLIENT');
INSERT INTO users(user_id,username,password,role) VALUES (219,'tsherrington62','tsherrington62','CLIENT');
INSERT INTO users(user_id,username,password,role) VALUES (220,'growantree63','growantree63','CLIENT');
INSERT INTO users(user_id,username,password,role) VALUES (221,'sraithbie64','sraithbie64','CLIENT');
INSERT INTO users(user_id,username,password,role) VALUES (222,'abolino65','abolino65','CLIENT');
INSERT INTO users(user_id,username,password,role) VALUES (223,'hwindless66','hwindless66','CLIENT');
INSERT INTO users(user_id,username,password,role) VALUES (224,'vlackie67','vlackie67','CLIENT');
INSERT INTO users(user_id,username,password,role) VALUES (225,'mbeane68','mbeane68','CLIENT');
INSERT INTO users(user_id,username,password,role) VALUES (226,'cslatford69','cslatford69','CLIENT');
INSERT INTO users(user_id,username,password,role) VALUES (227,'ctrusler6a','ctrusler6a','CLIENT');
INSERT INTO users(user_id,username,password,role) VALUES (228,'tfidler6b','tfidler6b','CLIENT');
INSERT INTO users(user_id,username,password,role) VALUES (229,'mmarcoolyn6c','mmarcoolyn6c','CLIENT');
INSERT INTO users(user_id,username,password,role) VALUES (230,'sblaksland6d','sblaksland6d','CLIENT');
INSERT INTO users(user_id,username,password,role) VALUES (231,'ccackett6e','ccackett6e','CLIENT');
INSERT INTO users(user_id,username,password,role) VALUES (232,'lmablestone6f','lmablestone6f','CLIENT');
INSERT INTO users(user_id,username,password,role) VALUES (233,'eheinig6g','eheinig6g','CLIENT');
INSERT INTO users(user_id,username,password,role) VALUES (234,'lisworth6h','lisworth6h','CLIENT');
INSERT INTO users(user_id,username,password,role) VALUES (235,'mhardwin6i','mhardwin6i','CLIENT');
INSERT INTO users(user_id,username,password,role) VALUES (236,'jthatcham6j','jthatcham6j','CLIENT');
INSERT INTO users(user_id,username,password,role) VALUES (237,'bgowling6k','bgowling6k','CLIENT');
INSERT INTO users(user_id,username,password,role) VALUES (238,'fclohissy6l','fclohissy6l','CLIENT');
INSERT INTO users(user_id,username,password,role) VALUES (239,'cbelford6m','cbelford6m','CLIENT');
INSERT INTO users(user_id,username,password,role) VALUES (240,'jgormally6n','jgormally6n','CLIENT');
INSERT INTO users(user_id,username,password,role) VALUES (241,'jgarter6o','jgarter6o','CLIENT');
INSERT INTO users(user_id,username,password,role) VALUES (242,'dfraulo6p','dfraulo6p','CLIENT');
INSERT INTO users(user_id,username,password,role) VALUES (243,'kdarlaston6q','kdarlaston6q','CLIENT');
INSERT INTO users(user_id,username,password,role) VALUES (244,'tmacgraith6r','tmacgraith6r','CLIENT');
INSERT INTO users(user_id,username,password,role) VALUES (245,'wlockhead6s','wlockhead6s','CLIENT');
INSERT INTO users(user_id,username,password,role) VALUES (246,'hbolley6t','hbolley6t','CLIENT');
INSERT INTO users(user_id,username,password,role) VALUES (247,'enockells6u','enockells6u','CLIENT');
INSERT INTO users(user_id,username,password,role) VALUES (248,'mgrivori6v','mgrivori6v','CLIENT');
INSERT INTO users(user_id,username,password,role) VALUES (249,'utippler6w','utippler6w','CLIENT');
INSERT INTO users(user_id,username,password,role) VALUES (250,'ccoghlan6x','ccoghlan6x','CLIENT');
INSERT INTO users(user_id,username,password,role) VALUES (251,'gwilce6y','gwilce6y','CLIENT');
INSERT INTO users(user_id,username,password,role) VALUES (252,'lminister6z','lminister6z','CLIENT');
INSERT INTO users(user_id,username,password,role) VALUES (253,'pbridat70','pbridat70','CLIENT');
INSERT INTO users(user_id,username,password,role) VALUES (254,'mherrero71','mherrero71','CLIENT');
INSERT INTO users(user_id,username,password,role) VALUES (255,'scathenod72','scathenod72','CLIENT');
INSERT INTO users(user_id,username,password,role) VALUES (256,'tscranedge73','tscranedge73','CLIENT');
INSERT INTO users(user_id,username,password,role) VALUES (257,'pbriffdat70','pbriffdat70','MANAGER');
INSERT INTO users(user_id,username,password,role) VALUES (258,'mherrffero71','mherrffero71','MANAGER');
INSERT INTO users(user_id,username,password,role) VALUES (259,'scatheffnod72','scatheffnod72','MANAGER');
INSERT INTO users(user_id,username,password,role) VALUES (260,'tscraneffdge73','tscraneffdge73','MANAGER');

INSERT INTO managers(user_id,name,surname) VALUES (257,'Bryn','Rubinowitz');
INSERT INTO managers(user_id,name,surname) VALUES (258,'Lane','OBrallaghan');
INSERT INTO managers(user_id,name,surname) VALUES (259,'Ari','Blindermann');
INSERT INTO managers(user_id,name,surname) VALUES (260,'Nicol','Bagott');


INSERT INTO clients(user_id,name,surname) VALUES (1,'Bryn','Rubinowitz');
INSERT INTO clients(user_id,name,surname) VALUES (2,'Lane','OBrallaghan');
INSERT INTO clients(user_id,name,surname) VALUES (3,'Ari','Blindermann');
INSERT INTO clients(user_id,name,surname) VALUES (4,'Nicol','Bagott');
INSERT INTO clients(user_id,name,surname) VALUES (5,'Jarred','Casarini');
INSERT INTO clients(user_id,name,surname) VALUES (6,'Nichole','Ondrasek');
INSERT INTO clients(user_id,name,surname) VALUES (7,'Vonnie','Cavil');
INSERT INTO clients(user_id,name,surname) VALUES (8,'Katerina','Ramsted');
INSERT INTO clients(user_id,name,surname) VALUES (9,'Teresa','Alenshev');
INSERT INTO clients(user_id,name,surname) VALUES (10,'Cliff','Clift');
INSERT INTO clients(user_id,name,surname) VALUES (11,'Darrel','Mennear');
INSERT INTO clients(user_id,name,surname) VALUES (12,'Milicent','Roo');
INSERT INTO clients(user_id,name,surname) VALUES (13,'Michal','Gulleford');
INSERT INTO clients(user_id,name,surname) VALUES (14,'Cecilio','Norcliff');
INSERT INTO clients(user_id,name,surname) VALUES (15,'Trevar','Craigheid');
INSERT INTO clients(user_id,name,surname) VALUES (16,'Zachariah','Louedey');
INSERT INTO clients(user_id,name,surname) VALUES (17,'Adrienne','Gerwood');
INSERT INTO clients(user_id,name,surname) VALUES (18,'Augustina','Swalowe');
INSERT INTO clients(user_id,name,surname) VALUES (19,'Danny','Carncross');
INSERT INTO clients(user_id,name,surname) VALUES (20,'Jobie','Scamadin');
INSERT INTO clients(user_id,name,surname) VALUES (21,'Edee','Pettyfer');
INSERT INTO clients(user_id,name,surname) VALUES (22,'Brooke','Cutajar');
INSERT INTO clients(user_id,name,surname) VALUES (23,'Noelle','Dicks');
INSERT INTO clients(user_id,name,surname) VALUES (24,'Calla','Pedrazzi');
INSERT INTO clients(user_id,name,surname) VALUES (25,'Libbey','Steuart');
INSERT INTO clients(user_id,name,surname) VALUES (26,'Kerry','Damper');
INSERT INTO clients(user_id,name,surname) VALUES (27,'Doretta','Capponer');
INSERT INTO clients(user_id,name,surname) VALUES (28,'Rosco','Smalman');
INSERT INTO clients(user_id,name,surname) VALUES (29,'Hill','Lyste');
INSERT INTO clients(user_id,name,surname) VALUES (30,'Tybie','Puckham');
INSERT INTO clients(user_id,name,surname) VALUES (31,'Wilfred','Wint');
INSERT INTO clients(user_id,name,surname) VALUES (32,'Glenn','Telford');
INSERT INTO clients(user_id,name,surname) VALUES (33,'Allina','Oxborrow');
INSERT INTO clients(user_id,name,surname) VALUES (34,'Ofelia','Thornborrow');
INSERT INTO clients(user_id,name,surname) VALUES (35,'Eachelle','Seton');
INSERT INTO clients(user_id,name,surname) VALUES (36,'Jerrilee','Tennick');
INSERT INTO clients(user_id,name,surname) VALUES (37,'Danny','Chaffey');
INSERT INTO clients(user_id,name,surname) VALUES (38,'Benny','Baxandall');
INSERT INTO clients(user_id,name,surname) VALUES (39,'Ailene','Posselt');
INSERT INTO clients(user_id,name,surname) VALUES (40,'Reilly','Meagher');
INSERT INTO clients(user_id,name,surname) VALUES (41,'Johanna','Pinkard');
INSERT INTO clients(user_id,name,surname) VALUES (42,'Magdalene','Klimontovich');
INSERT INTO clients(user_id,name,surname) VALUES (43,'Valerie','Vale');
INSERT INTO clients(user_id,name,surname) VALUES (44,'Rowan','Phelan');
INSERT INTO clients(user_id,name,surname) VALUES (45,'Ichabod','Lammerding');
INSERT INTO clients(user_id,name,surname) VALUES (46,'Gayle','Coucher');
INSERT INTO clients(user_id,name,surname) VALUES (47,'Tamqrah','Kemmis');
INSERT INTO clients(user_id,name,surname) VALUES (48,'Phil','Isaak');
INSERT INTO clients(user_id,name,surname) VALUES (49,'Eben','Barcke');
INSERT INTO clients(user_id,name,surname) VALUES (50,'Verge','Bealton');
INSERT INTO clients(user_id,name,surname) VALUES (51,'Joellen','Bellanger');
INSERT INTO clients(user_id,name,surname) VALUES (52,'Merrily','Porrett');
INSERT INTO clients(user_id,name,surname) VALUES (53,'Lulu','Cuer');
INSERT INTO clients(user_id,name,surname) VALUES (54,'Sybil','Chestnut');
INSERT INTO clients(user_id,name,surname) VALUES (55,'Freddy','Newton');
INSERT INTO clients(user_id,name,surname) VALUES (56,'Roze','Wisdom');
INSERT INTO clients(user_id,name,surname) VALUES (57,'Trina','McCaughen');
INSERT INTO clients(user_id,name,surname) VALUES (58,'Camilla','Benza');
INSERT INTO clients(user_id,name,surname) VALUES (59,'Tandi','Chin');
INSERT INTO clients(user_id,name,surname) VALUES (60,'Walliw','Sheers');
INSERT INTO clients(user_id,name,surname) VALUES (61,'Pren','Abbiss');
INSERT INTO clients(user_id,name,surname) VALUES (62,'Melanie','Creebo');
INSERT INTO clients(user_id,name,surname) VALUES (63,'Dylan','Konig');
INSERT INTO clients(user_id,name,surname) VALUES (64,'Wrennie','Marshland');
INSERT INTO clients(user_id,name,surname) VALUES (65,'Jens','Hardcastle');
INSERT INTO clients(user_id,name,surname) VALUES (66,'Renie','Roff');
INSERT INTO clients(user_id,name,surname) VALUES (67,'Barbette','St Ange');
INSERT INTO clients(user_id,name,surname) VALUES (68,'Artie','Croutear');
INSERT INTO clients(user_id,name,surname) VALUES (69,'Elaina','Skuce');
INSERT INTO clients(user_id,name,surname) VALUES (70,'Ronnica','Heskey');
INSERT INTO clients(user_id,name,surname) VALUES (71,'Alvera','Smogur');
INSERT INTO clients(user_id,name,surname) VALUES (72,'Lizette','Aylin');
INSERT INTO clients(user_id,name,surname) VALUES (73,'Karlens','Le Grand');
INSERT INTO clients(user_id,name,surname) VALUES (74,'Stacee','Aslum');
INSERT INTO clients(user_id,name,surname) VALUES (75,'Adriena','Jacobssen');
INSERT INTO clients(user_id,name,surname) VALUES (76,'Fae','Kenworth');
INSERT INTO clients(user_id,name,surname) VALUES (77,'Darcee','Baughan');
INSERT INTO clients(user_id,name,surname) VALUES (78,'Auria','Antonikov');
INSERT INTO clients(user_id,name,surname) VALUES (79,'Hobart','Yele');
INSERT INTO clients(user_id,name,surname) VALUES (80,'Alf','Bazley');
INSERT INTO clients(user_id,name,surname) VALUES (81,'Toby','Allbon');
INSERT INTO clients(user_id,name,surname) VALUES (82,'Ellwood','Ternent');
INSERT INTO clients(user_id,name,surname) VALUES (83,'Dyna','Perfili');
INSERT INTO clients(user_id,name,surname) VALUES (84,'Clementia','Stenner');
INSERT INTO clients(user_id,name,surname) VALUES (85,'Suki','Peverell');
INSERT INTO clients(user_id,name,surname) VALUES (86,'Winny','Revely');
INSERT INTO clients(user_id,name,surname) VALUES (87,'Ingelbert','Hawes');
INSERT INTO clients(user_id,name,surname) VALUES (88,'Maryjane','Baddoe');
INSERT INTO clients(user_id,name,surname) VALUES (89,'Andreana','Sadry');
INSERT INTO clients(user_id,name,surname) VALUES (90,'Marco','Kurtis');
INSERT INTO clients(user_id,name,surname) VALUES (91,'Hercule','Huggins');
INSERT INTO clients(user_id,name,surname) VALUES (92,'Koren','Painter');
INSERT INTO clients(user_id,name,surname) VALUES (93,'Dorian','Assinder');
INSERT INTO clients(user_id,name,surname) VALUES (94,'Oona','Wedge');
INSERT INTO clients(user_id,name,surname) VALUES (95,'Terrill','Wick');
INSERT INTO clients(user_id,name,surname) VALUES (96,'Cosmo','Noel');
INSERT INTO clients(user_id,name,surname) VALUES (97,'Dorine','Polle');
INSERT INTO clients(user_id,name,surname) VALUES (98,'Jacob','Littlemore');
INSERT INTO clients(user_id,name,surname) VALUES (99,'Ganny','Shinner');
INSERT INTO clients(user_id,name,surname) VALUES (100,'Eleni','Dunican');
INSERT INTO clients(user_id,name,surname) VALUES (101,'Juliana','Pickwell');
INSERT INTO clients(user_id,name,surname) VALUES (102,'Laurianne','O''Moylane');
INSERT INTO clients(user_id,name,surname) VALUES (103,'Rodina','Pluthero');
INSERT INTO clients(user_id,name,surname) VALUES (104,'Rozele','Serman');
INSERT INTO clients(user_id,name,surname) VALUES (105,'Idaline','Donn');
INSERT INTO clients(user_id,name,surname) VALUES (106,'Dulcinea','Klaves');
INSERT INTO clients(user_id,name,surname) VALUES (107,'Towney','Battram');
INSERT INTO clients(user_id,name,surname) VALUES (108,'Mel','Hesser');
INSERT INTO clients(user_id,name,surname) VALUES (109,'Stacee','Paddington');
INSERT INTO clients(user_id,name,surname) VALUES (110,'Jilli','Scotchmor');
INSERT INTO clients(user_id,name,surname) VALUES (111,'Randolf','Overington');
INSERT INTO clients(user_id,name,surname) VALUES (112,'Barbra','Floyed');
INSERT INTO clients(user_id,name,surname) VALUES (113,'Elisa','Anselm');
INSERT INTO clients(user_id,name,surname) VALUES (114,'Calla','Sutterby');
INSERT INTO clients(user_id,name,surname) VALUES (115,'Connor','Dollar');
INSERT INTO clients(user_id,name,surname) VALUES (116,'Elisha','Cardall');
INSERT INTO clients(user_id,name,surname) VALUES (117,'Martelle','Melan');
INSERT INTO clients(user_id,name,surname) VALUES (118,'Ianthe','Normadell');
INSERT INTO clients(user_id,name,surname) VALUES (119,'Stewart','Plet');
INSERT INTO clients(user_id,name,surname) VALUES (120,'Antonie','Valens-Smith');
INSERT INTO clients(user_id,name,surname) VALUES (121,'Ross','Shovlin');
INSERT INTO clients(user_id,name,surname) VALUES (122,'Marc','Ors');
INSERT INTO clients(user_id,name,surname) VALUES (123,'Olive','Heighway');
INSERT INTO clients(user_id,name,surname) VALUES (124,'Lyndy','Bows');
INSERT INTO clients(user_id,name,surname) VALUES (125,'Winnie','Kilsby');
INSERT INTO clients(user_id,name,surname) VALUES (126,'Janey','Latta');
INSERT INTO clients(user_id,name,surname) VALUES (127,'Saunders','Rickwood');
INSERT INTO clients(user_id,name,surname) VALUES (128,'Pavla','Gravener');
INSERT INTO clients(user_id,name,surname) VALUES (129,'Even','Sessuns');
INSERT INTO clients(user_id,name,surname) VALUES (130,'Marlene','Putton');
INSERT INTO clients(user_id,name,surname) VALUES (131,'Kaine','Murtell');
INSERT INTO clients(user_id,name,surname) VALUES (132,'Normy','Gurdon');
INSERT INTO clients(user_id,name,surname) VALUES (133,'Francine','Jolley');
INSERT INTO clients(user_id,name,surname) VALUES (134,'Arleen','Scorton');
INSERT INTO clients(user_id,name,surname) VALUES (135,'Chery','Gallafant');
INSERT INTO clients(user_id,name,surname) VALUES (136,'Clovis','Koppeck');
INSERT INTO clients(user_id,name,surname) VALUES (137,'Lucio','Terrans');
INSERT INTO clients(user_id,name,surname) VALUES (138,'Annamaria','Relfe');
INSERT INTO clients(user_id,name,surname) VALUES (139,'Anatollo','Batchellor');
INSERT INTO clients(user_id,name,surname) VALUES (140,'Daphne','Blethin');
INSERT INTO clients(user_id,name,surname) VALUES (141,'Cari','De Marchi');
INSERT INTO clients(user_id,name,surname) VALUES (142,'Marina','Gurnay');
INSERT INTO clients(user_id,name,surname) VALUES (143,'Adler','Tracey');
INSERT INTO clients(user_id,name,surname) VALUES (144,'Irita','Wrixon');
INSERT INTO clients(user_id,name,surname) VALUES (145,'Correy','Billany');
INSERT INTO clients(user_id,name,surname) VALUES (146,'Bev','Marusyak');
INSERT INTO clients(user_id,name,surname) VALUES (147,'Christophorus','Jonczyk');
INSERT INTO clients(user_id,name,surname) VALUES (148,'Valina','Vautier');
INSERT INTO clients(user_id,name,surname) VALUES (149,'Pryce','McLarty');
INSERT INTO clients(user_id,name,surname) VALUES (150,'Hinze','Gazey');
INSERT INTO clients(user_id,name,surname) VALUES (151,'Arvin','Pescud');
INSERT INTO clients(user_id,name,surname) VALUES (152,'Carissa','Unitt');
INSERT INTO clients(user_id,name,surname) VALUES (153,'Francesco','Suddaby');
INSERT INTO clients(user_id,name,surname) VALUES (154,'Turner','Zanutti');
INSERT INTO clients(user_id,name,surname) VALUES (155,'Shani','Epsley');
INSERT INTO clients(user_id,name,surname) VALUES (156,'Antonina','Barstow');
INSERT INTO clients(user_id,name,surname) VALUES (157,'Isobel','Whorf');
INSERT INTO clients(user_id,name,surname) VALUES (158,'Koren','Drewett');
INSERT INTO clients(user_id,name,surname) VALUES (159,'Galvin','M''cowis');
INSERT INTO clients(user_id,name,surname) VALUES (160,'Clayton','Chaudhry');
INSERT INTO clients(user_id,name,surname) VALUES (161,'Jarred','Quye');
INSERT INTO clients(user_id,name,surname) VALUES (162,'Hope','Gorey');
INSERT INTO clients(user_id,name,surname) VALUES (163,'Oswell','Silvers');
INSERT INTO clients(user_id,name,surname) VALUES (164,'Jessalyn','Ohrt');
INSERT INTO clients(user_id,name,surname) VALUES (165,'Byran','Hallas');
INSERT INTO clients(user_id,name,surname) VALUES (166,'Gwenneth','Parkyn');
INSERT INTO clients(user_id,name,surname) VALUES (167,'Carroll','Harbour');
INSERT INTO clients(user_id,name,surname) VALUES (168,'Riki','Keysall');
INSERT INTO clients(user_id,name,surname) VALUES (169,'Danell','Kelland');
INSERT INTO clients(user_id,name,surname) VALUES (170,'Lita','Kaley');
INSERT INTO clients(user_id,name,surname) VALUES (171,'Glori','Gladeche');
INSERT INTO clients(user_id,name,surname) VALUES (172,'Lois','Donett');
INSERT INTO clients(user_id,name,surname) VALUES (173,'Foss','Ohm');
INSERT INTO clients(user_id,name,surname) VALUES (174,'Kip','Shoppee');
INSERT INTO clients(user_id,name,surname) VALUES (175,'Giordano','Lacotte');
INSERT INTO clients(user_id,name,surname) VALUES (176,'Danya','Sentance');
INSERT INTO clients(user_id,name,surname) VALUES (177,'Bink','Grube');
INSERT INTO clients(user_id,name,surname) VALUES (178,'Tove','Peatheyjohns');
INSERT INTO clients(user_id,name,surname) VALUES (179,'Elita','Friend');
INSERT INTO clients(user_id,name,surname) VALUES (180,'Claude','Litterick');
INSERT INTO clients(user_id,name,surname) VALUES (181,'Nataniel','Klimentyev');
INSERT INTO clients(user_id,name,surname) VALUES (182,'Sterne','Kubica');
INSERT INTO clients(user_id,name,surname) VALUES (183,'Amelia','Olyunin');
INSERT INTO clients(user_id,name,surname) VALUES (184,'Pat','Ewan');
INSERT INTO clients(user_id,name,surname) VALUES (185,'Sadye','Harwick');
INSERT INTO clients(user_id,name,surname) VALUES (186,'Elton','Rochford');
INSERT INTO clients(user_id,name,surname) VALUES (187,'Winnie','Astall');
INSERT INTO clients(user_id,name,surname) VALUES (188,'Oby','Uman');
INSERT INTO clients(user_id,name,surname) VALUES (189,'Trey','McKearnen');
INSERT INTO clients(user_id,name,surname) VALUES (190,'Shurlock','Nelm');
INSERT INTO clients(user_id,name,surname) VALUES (191,'Giovanni','Duffin');
INSERT INTO clients(user_id,name,surname) VALUES (192,'Leroy','Lucchi');
INSERT INTO clients(user_id,name,surname) VALUES (193,'Britt','Firth');
INSERT INTO clients(user_id,name,surname) VALUES (194,'Lauri','Tuckley');
INSERT INTO clients(user_id,name,surname) VALUES (195,'Modestine','Billany');
INSERT INTO clients(user_id,name,surname) VALUES (196,'Neill','Tavinor');
INSERT INTO clients(user_id,name,surname) VALUES (197,'Aurie','Deavin');
INSERT INTO clients(user_id,name,surname) VALUES (198,'Homerus','Largan');
INSERT INTO clients(user_id,name,surname) VALUES (199,'Morgana','Ecclesall');
INSERT INTO clients(user_id,name,surname) VALUES (200,'Frederic','Kirckman');

INSERT INTO sub_info(sub_id,number,tariff,client,money) VALUES (1,72734392987,11,99,292);
INSERT INTO sub_info(sub_id,number,tariff,client,money) VALUES (2,73980041359,3,117,288);
INSERT INTO sub_info(sub_id,number,tariff,client,money) VALUES (3,77638088539,11,44,479);
INSERT INTO sub_info(sub_id,number,tariff,client,money) VALUES (4,71777814183,3,164,237);
INSERT INTO sub_info(sub_id,number,tariff,client,money) VALUES (5,73422169213,3,108,297);
INSERT INTO sub_info(sub_id,number,tariff,client,money) VALUES (6,75877648515,11,172,447);
INSERT INTO sub_info(sub_id,number,tariff,client,money) VALUES (7,72364132815,3,22,498);
INSERT INTO sub_info(sub_id,number,tariff,client,money) VALUES (8,78628461472,3,50,522);
INSERT INTO sub_info(sub_id,number,tariff,client,money) VALUES (9,79329999159,6,199,485);
INSERT INTO sub_info(sub_id,number,tariff,client,money) VALUES (10,74906566410,3,181,504);
INSERT INTO sub_info(sub_id,number,tariff,client,money) VALUES (11,79248794210,11,70,505);
INSERT INTO sub_info(sub_id,number,tariff,client,money) VALUES (12,74533467724,82,165,214);
INSERT INTO sub_info(sub_id,number,tariff,client,money) VALUES (13,75892676433,6,31,579);
INSERT INTO sub_info(sub_id,number,tariff,client,money) VALUES (14,79638550435,82,75,221);
INSERT INTO sub_info(sub_id,number,tariff,client,money) VALUES (15,71520267804,6,103,286);
INSERT INTO sub_info(sub_id,number,tariff,client,money) VALUES (16,74406066151,82,91,311);
INSERT INTO sub_info(sub_id,number,tariff,client,money) VALUES (17,79766501522,82,17,552);
INSERT INTO sub_info(sub_id,number,tariff,client,money) VALUES (18,71852287923,6,25,462);
INSERT INTO sub_info(sub_id,number,tariff,client,money) VALUES (19,75609548834,82,53,330);
INSERT INTO sub_info(sub_id,number,tariff,client,money) VALUES (20,71092057467,11,155,345);
INSERT INTO sub_info(sub_id,number,tariff,client,money) VALUES (21,79886874463,11,172,425);
INSERT INTO sub_info(sub_id,number,tariff,client,money) VALUES (22,72930611886,3,123,251);
INSERT INTO sub_info(sub_id,number,tariff,client,money) VALUES (23,76387776430,11,192,593);
INSERT INTO sub_info(sub_id,number,tariff,client,money) VALUES (24,77725754915,6,177,581);
INSERT INTO sub_info(sub_id,number,tariff,client,money) VALUES (25,76209114709,11,154,311);
INSERT INTO sub_info(sub_id,number,tariff,client,money) VALUES (26,72377373140,6,70,463);
INSERT INTO sub_info(sub_id,number,tariff,client,money) VALUES (27,74205762914,3,162,418);
INSERT INTO sub_info(sub_id,number,tariff,client,money) VALUES (28,74090358555,11,32,238);
INSERT INTO sub_info(sub_id,number,tariff,client,money) VALUES (29,72266775012,11,42,334);
INSERT INTO sub_info(sub_id,number,tariff,client,money) VALUES (30,70959531194,6,22,211);
INSERT INTO sub_info(sub_id,number,tariff,client,money) VALUES (31,72554608026,6,196,205);
INSERT INTO sub_info(sub_id,number,tariff,client,money) VALUES (32,71408648667,6,77,408);
INSERT INTO sub_info(sub_id,number,tariff,client,money) VALUES (33,72922652808,3,155,362);
INSERT INTO sub_info(sub_id,number,tariff,client,money) VALUES (34,78613132345,82,18,340);
INSERT INTO sub_info(sub_id,number,tariff,client,money) VALUES (35,78462947545,11,135,259);
INSERT INTO sub_info(sub_id,number,tariff,client,money) VALUES (36,72753164440,11,178,261);
INSERT INTO sub_info(sub_id,number,tariff,client,money) VALUES (37,77268234171,3,199,559);
INSERT INTO sub_info(sub_id,number,tariff,client,money) VALUES (38,72621289204,6,6,433);
INSERT INTO sub_info(sub_id,number,tariff,client,money) VALUES (39,75887271906,82,112,502);
INSERT INTO sub_info(sub_id,number,tariff,client,money) VALUES (40,79573966595,82,184,404);
INSERT INTO sub_info(sub_id,number,tariff,client,money) VALUES (41,75749704947,6,128,581);
INSERT INTO sub_info(sub_id,number,tariff,client,money) VALUES (42,72729808960,82,49,597);
INSERT INTO sub_info(sub_id,number,tariff,client,money) VALUES (43,72964315177,3,200,511);
INSERT INTO sub_info(sub_id,number,tariff,client,money) VALUES (44,76120475447,3,66,219);
INSERT INTO sub_info(sub_id,number,tariff,client,money) VALUES (45,74715706174,3,46,292);
INSERT INTO sub_info(sub_id,number,tariff,client,money) VALUES (46,77629671635,82,13,453);
INSERT INTO sub_info(sub_id,number,tariff,client,money) VALUES (47,76236870644,11,165,272);
INSERT INTO sub_info(sub_id,number,tariff,client,money) VALUES (48,79239116802,6,137,278);
INSERT INTO sub_info(sub_id,number,tariff,client,money) VALUES (49,79548839965,6,55,247);
INSERT INTO sub_info(sub_id,number,tariff,client,money) VALUES (50,72977660150,3,138,217);
INSERT INTO sub_info(sub_id,number,tariff,client,money) VALUES (51,76606172989,6,22,277);
INSERT INTO sub_info(sub_id,number,tariff,client,money) VALUES (52,78572531932,82,164,299);
INSERT INTO sub_info(sub_id,number,tariff,client,money) VALUES (53,70024815692,6,107,436);
INSERT INTO sub_info(sub_id,number,tariff,client,money) VALUES (54,78500319728,6,136,386);
INSERT INTO sub_info(sub_id,number,tariff,client,money) VALUES (55,78157640367,6,119,499);
INSERT INTO sub_info(sub_id,number,tariff,client,money) VALUES (56,77707929830,11,26,447);
INSERT INTO sub_info(sub_id,number,tariff,client,money) VALUES (57,79915235398,82,101,356);
INSERT INTO sub_info(sub_id,number,tariff,client,money) VALUES (58,79566818262,11,150,282);
INSERT INTO sub_info(sub_id,number,tariff,client,money) VALUES (59,75356651077,82,178,389);
INSERT INTO sub_info(sub_id,number,tariff,client,money) VALUES (60,74674066981,3,160,490);
INSERT INTO sub_info(sub_id,number,tariff,client,money) VALUES (61,77225268604,6,137,587);
INSERT INTO sub_info(sub_id,number,tariff,client,money) VALUES (62,76494629426,3,188,221);
INSERT INTO sub_info(sub_id,number,tariff,client,money) VALUES (63,78235616737,6,197,278);
INSERT INTO sub_info(sub_id,number,tariff,client,money) VALUES (64,71233929447,6,120,373);
INSERT INTO sub_info(sub_id,number,tariff,client,money) VALUES (65,77988243481,6,117,277);
INSERT INTO sub_info(sub_id,number,tariff,client,money) VALUES (66,77231380085,11,53,416);
INSERT INTO sub_info(sub_id,number,tariff,client,money) VALUES (67,72077234390,82,9,354);
INSERT INTO sub_info(sub_id,number,tariff,client,money) VALUES (68,75007061393,11,65,499);
INSERT INTO sub_info(sub_id,number,tariff,client,money) VALUES (69,79725785038,11,130,371);
INSERT INTO sub_info(sub_id,number,tariff,client,money) VALUES (70,74767229469,82,145,542);
INSERT INTO sub_info(sub_id,number,tariff,client,money) VALUES (71,73408616934,3,182,225);
INSERT INTO sub_info(sub_id,number,tariff,client,money) VALUES (72,76240299570,11,82,538);
INSERT INTO sub_info(sub_id,number,tariff,client,money) VALUES (73,75264178767,6,90,205);
INSERT INTO sub_info(sub_id,number,tariff,client,money) VALUES (74,71094698014,6,100,370);
INSERT INTO sub_info(sub_id,number,tariff,client,money) VALUES (75,72693482736,11,148,430);
INSERT INTO sub_info(sub_id,number,tariff,client,money) VALUES (76,73615682819,82,4,311);
INSERT INTO sub_info(sub_id,number,tariff,client,money) VALUES (77,74966948092,11,53,543);
INSERT INTO sub_info(sub_id,number,tariff,client,money) VALUES (78,78403765663,11,60,504);
INSERT INTO sub_info(sub_id,number,tariff,client,money) VALUES (79,73016370323,11,37,275);
INSERT INTO sub_info(sub_id,number,tariff,client,money) VALUES (80,72038508440,82,102,249);
INSERT INTO sub_info(sub_id,number,tariff,client,money) VALUES (81,70778680812,11,29,468);
INSERT INTO sub_info(sub_id,number,tariff,client,money) VALUES (82,71737358603,6,10,293);
INSERT INTO sub_info(sub_id,number,tariff,client,money) VALUES (83,75171704401,11,113,581);
INSERT INTO sub_info(sub_id,number,tariff,client,money) VALUES (84,79354694533,3,14,494);
INSERT INTO sub_info(sub_id,number,tariff,client,money) VALUES (85,73684675256,3,81,401);
INSERT INTO sub_info(sub_id,number,tariff,client,money) VALUES (86,73592112645,6,107,351);
INSERT INTO sub_info(sub_id,number,tariff,client,money) VALUES (87,72663515821,3,104,547);
INSERT INTO sub_info(sub_id,number,tariff,client,money) VALUES (88,74711459454,11,135,271);
INSERT INTO sub_info(sub_id,number,tariff,client,money) VALUES (89,76003067943,3,8,426);
INSERT INTO sub_info(sub_id,number,tariff,client,money) VALUES (90,76437381720,11,193,489);
INSERT INTO sub_info(sub_id,number,tariff,client,money) VALUES (91,72508597311,3,175,600);
INSERT INTO sub_info(sub_id,number,tariff,client,money) VALUES (92,75074841216,3,27,472);
INSERT INTO sub_info(sub_id,number,tariff,client,money) VALUES (93,75707252090,3,78,384);
INSERT INTO sub_info(sub_id,number,tariff,client,money) VALUES (94,75685676844,82,143,348);
INSERT INTO sub_info(sub_id,number,tariff,client,money) VALUES (95,76263126898,11,177,532);
INSERT INTO sub_info(sub_id,number,tariff,client,money) VALUES (96,75602049984,6,85,529);
INSERT INTO sub_info(sub_id,number,tariff,client,money) VALUES (97,75519737720,11,118,405);
INSERT INTO sub_info(sub_id,number,tariff,client,money) VALUES (98,70608431078,6,97,422);
INSERT INTO sub_info(sub_id,number,tariff,client,money) VALUES (99,71971011267,82,88,253);
INSERT INTO sub_info(sub_id,number,tariff,client,money) VALUES (100,76036258759,11,61,537);
INSERT INTO sub_info(sub_id,number,tariff,client,money) VALUES (101,76772748812,3,116,246);
INSERT INTO sub_info(sub_id,number,tariff,client,money) VALUES (102,73799996911,6,194,441);
INSERT INTO sub_info(sub_id,number,tariff,client,money) VALUES (103,73302221617,82,36,387);
INSERT INTO sub_info(sub_id,number,tariff,client,money) VALUES (104,70608172065,11,7,371);
INSERT INTO sub_info(sub_id,number,tariff,client,money) VALUES (105,74115371946,11,16,413);
INSERT INTO sub_info(sub_id,number,tariff,client,money) VALUES (106,73436570398,82,26,542);
INSERT INTO sub_info(sub_id,number,tariff,client,money) VALUES (107,72806132579,3,18,555);
INSERT INTO sub_info(sub_id,number,tariff,client,money) VALUES (108,72424859013,6,110,398);
INSERT INTO sub_info(sub_id,number,tariff,client,money) VALUES (109,78923635690,3,85,409);
INSERT INTO sub_info(sub_id,number,tariff,client,money) VALUES (110,71595222102,11,158,263);
INSERT INTO sub_info(sub_id,number,tariff,client,money) VALUES (111,75773399228,82,19,389);
INSERT INTO sub_info(sub_id,number,tariff,client,money) VALUES (112,78383658397,3,143,450);
INSERT INTO sub_info(sub_id,number,tariff,client,money) VALUES (113,75918367619,3,105,246);
INSERT INTO sub_info(sub_id,number,tariff,client,money) VALUES (114,72284765483,11,130,561);
INSERT INTO sub_info(sub_id,number,tariff,client,money) VALUES (115,70566146911,82,69,349);
INSERT INTO sub_info(sub_id,number,tariff,client,money) VALUES (116,79673506321,82,65,518);
INSERT INTO sub_info(sub_id,number,tariff,client,money) VALUES (117,77615032284,11,11,333);
INSERT INTO sub_info(sub_id,number,tariff,client,money) VALUES (118,76005764347,6,132,464);
INSERT INTO sub_info(sub_id,number,tariff,client,money) VALUES (119,72612387693,6,200,274);
INSERT INTO sub_info(sub_id,number,tariff,client,money) VALUES (120,74241266824,82,15,228);
INSERT INTO sub_info(sub_id,number,tariff,client,money) VALUES (121,79971677100,82,35,403);
INSERT INTO sub_info(sub_id,number,tariff,client,money) VALUES (122,76581637122,6,111,523);
INSERT INTO sub_info(sub_id,number,tariff,client,money) VALUES (123,77610779190,82,73,323);
INSERT INTO sub_info(sub_id,number,tariff,client,money) VALUES (124,77607007106,82,80,468);
INSERT INTO sub_info(sub_id,number,tariff,client,money) VALUES (125,79329772951,11,156,281);
INSERT INTO sub_info(sub_id,number,tariff,client,money) VALUES (126,72297087776,3,52,596);
INSERT INTO sub_info(sub_id,number,tariff,client,money) VALUES (127,76700938467,82,5,572);
INSERT INTO sub_info(sub_id,number,tariff,client,money) VALUES (128,73550939176,82,55,553);
INSERT INTO sub_info(sub_id,number,tariff,client,money) VALUES (129,72451183337,11,37,324);
INSERT INTO sub_info(sub_id,number,tariff,client,money) VALUES (130,79903066387,82,184,386);
INSERT INTO sub_info(sub_id,number,tariff,client,money) VALUES (131,72565515504,82,122,254);
INSERT INTO sub_info(sub_id,number,tariff,client,money) VALUES (132,72919730235,6,83,588);
INSERT INTO sub_info(sub_id,number,tariff,client,money) VALUES (133,75335246942,82,159,456);
INSERT INTO sub_info(sub_id,number,tariff,client,money) VALUES (134,79576928643,3,59,260);
INSERT INTO sub_info(sub_id,number,tariff,client,money) VALUES (135,79861943758,3,70,583);
INSERT INTO sub_info(sub_id,number,tariff,client,money) VALUES (136,75088755240,6,126,487);
INSERT INTO sub_info(sub_id,number,tariff,client,money) VALUES (137,73919867471,6,74,287);
INSERT INTO sub_info(sub_id,number,tariff,client,money) VALUES (138,77780800850,82,147,477);
INSERT INTO sub_info(sub_id,number,tariff,client,money) VALUES (139,76583339324,3,162,494);
INSERT INTO sub_info(sub_id,number,tariff,client,money) VALUES (140,74731710113,6,87,240);
INSERT INTO sub_info(sub_id,number,tariff,client,money) VALUES (141,76718509798,6,47,309);
INSERT INTO sub_info(sub_id,number,tariff,client,money) VALUES (142,73848012114,6,67,239);
INSERT INTO sub_info(sub_id,number,tariff,client,money) VALUES (143,75569041529,3,56,281);
INSERT INTO sub_info(sub_id,number,tariff,client,money) VALUES (144,70866951050,3,68,548);
INSERT INTO sub_info(sub_id,number,tariff,client,money) VALUES (145,78861333985,6,154,391);
INSERT INTO sub_info(sub_id,number,tariff,client,money) VALUES (146,75582170028,6,70,448);
INSERT INTO sub_info(sub_id,number,tariff,client,money) VALUES (147,76546949262,82,11,331);
INSERT INTO sub_info(sub_id,number,tariff,client,money) VALUES (148,77203005497,3,38,556);
INSERT INTO sub_info(sub_id,number,tariff,client,money) VALUES (149,75938184043,6,183,377);
INSERT INTO sub_info(sub_id,number,tariff,client,money) VALUES (150,79058204308,82,139,332);
INSERT INTO sub_info(sub_id,number,tariff,client,money) VALUES (151,78054080498,11,24,223);
INSERT INTO sub_info(sub_id,number,tariff,client,money) VALUES (152,78708386152,3,159,364);
INSERT INTO sub_info(sub_id,number,tariff,client,money) VALUES (153,74246601013,11,125,264);
INSERT INTO sub_info(sub_id,number,tariff,client,money) VALUES (154,79697802401,11,174,352);
INSERT INTO sub_info(sub_id,number,tariff,client,money) VALUES (155,75778751654,11,52,265);
INSERT INTO sub_info(sub_id,number,tariff,client,money) VALUES (156,70485064710,11,49,414);
INSERT INTO sub_info(sub_id,number,tariff,client,money) VALUES (157,75384774959,11,136,412);
INSERT INTO sub_info(sub_id,number,tariff,client,money) VALUES (158,78674679334,6,101,434);
INSERT INTO sub_info(sub_id,number,tariff,client,money) VALUES (159,79684443048,6,55,342);
INSERT INTO sub_info(sub_id,number,tariff,client,money) VALUES (160,73031916930,82,121,316);
INSERT INTO sub_info(sub_id,number,tariff,client,money) VALUES (161,76965266437,3,177,482);
INSERT INTO sub_info(sub_id,number,tariff,client,money) VALUES (162,71752976555,6,123,548);
INSERT INTO sub_info(sub_id,number,tariff,client,money) VALUES (163,76194720864,82,120,498);
INSERT INTO sub_info(sub_id,number,tariff,client,money) VALUES (164,78496585552,6,178,327);
INSERT INTO sub_info(sub_id,number,tariff,client,money) VALUES (165,71504450655,82,135,362);
INSERT INTO sub_info(sub_id,number,tariff,client,money) VALUES (166,76995413239,82,80,503);
INSERT INTO sub_info(sub_id,number,tariff,client,money) VALUES (167,79842724772,11,76,559);
INSERT INTO sub_info(sub_id,number,tariff,client,money) VALUES (168,73400702677,6,124,235);
INSERT INTO sub_info(sub_id,number,tariff,client,money) VALUES (169,73538646225,11,135,501);
INSERT INTO sub_info(sub_id,number,tariff,client,money) VALUES (170,77836796844,6,47,370);
INSERT INTO sub_info(sub_id,number,tariff,client,money) VALUES (171,71244482252,6,155,503);
INSERT INTO sub_info(sub_id,number,tariff,client,money) VALUES (172,77106445384,3,39,276);
INSERT INTO sub_info(sub_id,number,tariff,client,money) VALUES (173,73531894172,3,63,541);
INSERT INTO sub_info(sub_id,number,tariff,client,money) VALUES (174,79891687181,6,88,252);
INSERT INTO sub_info(sub_id,number,tariff,client,money) VALUES (175,71170882510,6,64,201);
INSERT INTO sub_info(sub_id,number,tariff,client,money) VALUES (176,79921288197,11,30,510);
INSERT INTO sub_info(sub_id,number,tariff,client,money) VALUES (177,70856245588,82,154,501);
INSERT INTO sub_info(sub_id,number,tariff,client,money) VALUES (178,77709428608,6,166,464);
INSERT INTO sub_info(sub_id,number,tariff,client,money) VALUES (179,79958044721,11,27,208);
INSERT INTO sub_info(sub_id,number,tariff,client,money) VALUES (180,79558532386,11,133,538);
INSERT INTO sub_info(sub_id,number,tariff,client,money) VALUES (181,74254430752,82,157,479);
INSERT INTO sub_info(sub_id,number,tariff,client,money) VALUES (182,70306984525,11,140,297);
INSERT INTO sub_info(sub_id,number,tariff,client,money) VALUES (183,76079843738,11,14,466);
INSERT INTO sub_info(sub_id,number,tariff,client,money) VALUES (184,71046495563,3,35,419);
INSERT INTO sub_info(sub_id,number,tariff,client,money) VALUES (185,74132690833,6,106,504);
INSERT INTO sub_info(sub_id,number,tariff,client,money) VALUES (186,73715801251,3,141,358);
INSERT INTO sub_info(sub_id,number,tariff,client,money) VALUES (187,72195910398,82,169,298);
INSERT INTO sub_info(sub_id,number,tariff,client,money) VALUES (188,73844262624,6,53,325);
INSERT INTO sub_info(sub_id,number,tariff,client,money) VALUES (189,70498195214,3,47,560);
INSERT INTO sub_info(sub_id,number,tariff,client,money) VALUES (190,73005927581,6,28,313);
INSERT INTO sub_info(sub_id,number,tariff,client,money) VALUES (191,78386608247,6,175,215);
INSERT INTO sub_info(sub_id,number,tariff,client,money) VALUES (192,76668694154,6,102,316);
INSERT INTO sub_info(sub_id,number,tariff,client,money) VALUES (193,79162760660,11,72,592);
INSERT INTO sub_info(sub_id,number,tariff,client,money) VALUES (194,78432706713,3,186,360);
INSERT INTO sub_info(sub_id,number,tariff,client,money) VALUES (195,76744741432,82,132,581);
INSERT INTO sub_info(sub_id,number,tariff,client,money) VALUES (196,76048192545,6,69,227);
INSERT INTO sub_info(sub_id,number,tariff,client,money) VALUES (197,76710257263,11,118,329);
INSERT INTO sub_info(sub_id,number,tariff,client,money) VALUES (198,72246983175,6,194,548);
INSERT INTO sub_info(sub_id,number,tariff,client,money) VALUES (199,75458842140,82,123,259);
INSERT INTO sub_info(sub_id,number,tariff,client,money) VALUES (200,73355344254,11,87,394);
INSERT INTO sub_info(sub_id,number,tariff,client,money) VALUES (201,71322835416,6,79,357);
INSERT INTO sub_info(sub_id,number,tariff,client,money) VALUES (202,78897253606,3,185,220);
INSERT INTO sub_info(sub_id,number,tariff,client,money) VALUES (203,72904759121,6,129,445);
INSERT INTO sub_info(sub_id,number,tariff,client,money) VALUES (204,79141713812,3,7,343);
INSERT INTO sub_info(sub_id,number,tariff,client,money) VALUES (205,75203749966,6,153,263);
INSERT INTO sub_info(sub_id,number,tariff,client,money) VALUES (206,70316306984,3,96,366);
INSERT INTO sub_info(sub_id,number,tariff,client,money) VALUES (207,73848879641,3,188,590);
INSERT INTO sub_info(sub_id,number,tariff,client,money) VALUES (208,76918719302,82,156,423);
INSERT INTO sub_info(sub_id,number,tariff,client,money) VALUES (209,70689476972,82,119,400);
INSERT INTO sub_info(sub_id,number,tariff,client,money) VALUES (210,75719495696,82,100,366);
INSERT INTO sub_info(sub_id,number,tariff,client,money) VALUES (211,71567850456,6,118,225);
INSERT INTO sub_info(sub_id,number,tariff,client,money) VALUES (212,71605932628,11,19,489);
INSERT INTO sub_info(sub_id,number,tariff,client,money) VALUES (213,74716455317,11,168,401);
INSERT INTO sub_info(sub_id,number,tariff,client,money) VALUES (214,79510002392,11,58,322);
INSERT INTO sub_info(sub_id,number,tariff,client,money) VALUES (215,77046627229,3,190,373);
INSERT INTO sub_info(sub_id,number,tariff,client,money) VALUES (216,71910652902,6,188,517);
INSERT INTO sub_info(sub_id,number,tariff,client,money) VALUES (217,75967924196,82,136,261);
INSERT INTO sub_info(sub_id,number,tariff,client,money) VALUES (218,70001028798,3,84,545);
INSERT INTO sub_info(sub_id,number,tariff,client,money) VALUES (219,73758882557,6,32,206);
INSERT INTO sub_info(sub_id,number,tariff,client,money) VALUES (220,79821365647,82,55,519);
INSERT INTO sub_info(sub_id,number,tariff,client,money) VALUES (221,77403927797,3,179,314);
INSERT INTO sub_info(sub_id,number,tariff,client,money) VALUES (222,74438215652,3,195,344);
INSERT INTO sub_info(sub_id,number,tariff,client,money) VALUES (223,78337578312,6,112,487);
INSERT INTO sub_info(sub_id,number,tariff,client,money) VALUES (224,74062922738,3,16,346);
INSERT INTO sub_info(sub_id,number,tariff,client,money) VALUES (225,76259163960,11,139,567);
INSERT INTO sub_info(sub_id,number,tariff,client,money) VALUES (226,73692735040,6,140,236);
INSERT INTO sub_info(sub_id,number,tariff,client,money) VALUES (227,72675473606,11,142,370);
INSERT INTO sub_info(sub_id,number,tariff,client,money) VALUES (228,73958646808,11,31,217);
INSERT INTO sub_info(sub_id,number,tariff,client,money) VALUES (229,71313269399,11,117,210);
INSERT INTO sub_info(sub_id,number,tariff,client,money) VALUES (230,79627814741,6,35,419);
INSERT INTO sub_info(sub_id,number,tariff,client,money) VALUES (231,73028870229,11,149,593);
INSERT INTO sub_info(sub_id,number,tariff,client,money) VALUES (232,78451471186,11,57,424);
INSERT INTO sub_info(sub_id,number,tariff,client,money) VALUES (233,75753414947,6,58,292);
INSERT INTO sub_info(sub_id,number,tariff,client,money) VALUES (234,72121159342,6,127,536);
INSERT INTO sub_info(sub_id,number,tariff,client,money) VALUES (235,72290273458,11,67,277);
INSERT INTO sub_info(sub_id,number,tariff,client,money) VALUES (236,73690363853,82,61,462);
INSERT INTO sub_info(sub_id,number,tariff,client,money) VALUES (237,73438789225,82,32,546);
INSERT INTO sub_info(sub_id,number,tariff,client,money) VALUES (238,79544357738,3,45,353);
INSERT INTO sub_info(sub_id,number,tariff,client,money) VALUES (239,73520372463,6,77,385);
INSERT INTO sub_info(sub_id,number,tariff,client,money) VALUES (240,72618043706,82,107,291);
INSERT INTO sub_info(sub_id,number,tariff,client,money) VALUES (241,76107270383,82,192,261);
INSERT INTO sub_info(sub_id,number,tariff,client,money) VALUES (242,79880728242,11,106,395);
INSERT INTO sub_info(sub_id,number,tariff,client,money) VALUES (243,71627689067,82,150,540);
INSERT INTO sub_info(sub_id,number,tariff,client,money) VALUES (244,76533160137,6,104,560);
INSERT INTO sub_info(sub_id,number,tariff,client,money) VALUES (245,78985199271,11,40,418);
INSERT INTO sub_info(sub_id,number,tariff,client,money) VALUES (246,77862375525,6,115,484);
INSERT INTO sub_info(sub_id,number,tariff,client,money) VALUES (247,78747901975,82,9,441);
INSERT INTO sub_info(sub_id,number,tariff,client,money) VALUES (248,76299139748,82,13,502);
INSERT INTO sub_info(sub_id,number,tariff,client,money) VALUES (249,79449121483,3,141,388);
INSERT INTO sub_info(sub_id,number,tariff,client,money) VALUES (250,71158145546,82,69,311);
INSERT INTO sub_info(sub_id,number,tariff,client,money) VALUES (251,75869386216,3,165,437);
INSERT INTO sub_info(sub_id,number,tariff,client,money) VALUES (252,74776764696,3,190,279);
INSERT INTO sub_info(sub_id,number,tariff,client,money) VALUES (253,79774157258,3,94,466);
INSERT INTO sub_info(sub_id,number,tariff,client,money) VALUES (254,77834441071,3,28,414);
INSERT INTO sub_info(sub_id,number,tariff,client,money) VALUES (255,78766955373,3,84,246);
INSERT INTO sub_info(sub_id,number,tariff,client,money) VALUES (256,79356837819,82,126,531);
INSERT INTO sub_info(sub_id,number,tariff,client,money) VALUES (257,73873932840,11,186,404);
INSERT INTO sub_info(sub_id,number,tariff,client,money) VALUES (258,74504010154,3,125,204);
INSERT INTO sub_info(sub_id,number,tariff,client,money) VALUES (259,77852265211,6,71,414);
INSERT INTO sub_info(sub_id,number,tariff,client,money) VALUES (260,73028916376,11,20,523);
INSERT INTO sub_info(sub_id,number,tariff,client,money) VALUES (261,70021274066,6,134,449);
INSERT INTO sub_info(sub_id,number,tariff,client,money) VALUES (262,71628895352,82,61,304);
INSERT INTO sub_info(sub_id,number,tariff,client,money) VALUES (263,75224983997,3,124,223);
INSERT INTO sub_info(sub_id,number,tariff,client,money) VALUES (264,74284903460,6,174,600);
INSERT INTO sub_info(sub_id,number,tariff,client,money) VALUES (265,79760165624,11,63,320);
INSERT INTO sub_info(sub_id,number,tariff,client,money) VALUES (266,75531685851,11,179,453);
INSERT INTO sub_info(sub_id,number,tariff,client,money) VALUES (267,72911499069,6,196,425);
INSERT INTO sub_info(sub_id,number,tariff,client,money) VALUES (268,74531168832,6,121,223);
INSERT INTO sub_info(sub_id,number,tariff,client,money) VALUES (269,70245494538,3,43,371);
INSERT INTO sub_info(sub_id,number,tariff,client,money) VALUES (270,76595755311,6,128,516);
INSERT INTO sub_info(sub_id,number,tariff,client,money) VALUES (271,79601786863,82,123,443);
INSERT INTO sub_info(sub_id,number,tariff,client,money) VALUES (272,76387491212,6,126,386);
INSERT INTO sub_info(sub_id,number,tariff,client,money) VALUES (273,73082214647,6,52,507);
INSERT INTO sub_info(sub_id,number,tariff,client,money) VALUES (274,76856506397,82,53,350);
INSERT INTO sub_info(sub_id,number,tariff,client,money) VALUES (275,77020405064,3,188,325);
INSERT INTO sub_info(sub_id,number,tariff,client,money) VALUES (276,78204063716,11,11,340);
INSERT INTO sub_info(sub_id,number,tariff,client,money) VALUES (277,73360294335,82,1,241);
INSERT INTO sub_info(sub_id,number,tariff,client,money) VALUES (278,74327439992,6,59,519);
INSERT INTO sub_info(sub_id,number,tariff,client,money) VALUES (279,75937814614,82,41,503);
INSERT INTO sub_info(sub_id,number,tariff,client,money) VALUES (280,73661809346,82,80,224);
INSERT INTO sub_info(sub_id,number,tariff,client,money) VALUES (281,75133134052,6,187,372);
INSERT INTO sub_info(sub_id,number,tariff,client,money) VALUES (282,78683107140,11,184,599);
INSERT INTO sub_info(sub_id,number,tariff,client,money) VALUES (283,70637211941,3,3,315);
INSERT INTO sub_info(sub_id,number,tariff,client,money) VALUES (284,78069361749,82,16,225);
INSERT INTO sub_info(sub_id,number,tariff,client,money) VALUES (285,70674002691,82,50,279);
INSERT INTO sub_info(sub_id,number,tariff,client,money) VALUES (286,76812358905,11,102,223);
INSERT INTO sub_info(sub_id,number,tariff,client,money) VALUES (287,74523696719,82,83,435);
INSERT INTO sub_info(sub_id,number,tariff,client,money) VALUES (288,78452127976,11,52,453);
INSERT INTO sub_info(sub_id,number,tariff,client,money) VALUES (289,75398452887,3,120,582);
INSERT INTO sub_info(sub_id,number,tariff,client,money) VALUES (290,74039052861,11,26,307);
INSERT INTO sub_info(sub_id,number,tariff,client,money) VALUES (291,75103055957,6,153,210);
INSERT INTO sub_info(sub_id,number,tariff,client,money) VALUES (292,79647107828,3,176,227);
INSERT INTO sub_info(sub_id,number,tariff,client,money) VALUES (293,71017133545,6,118,592);
INSERT INTO sub_info(sub_id,number,tariff,client,money) VALUES (294,75212843304,82,131,558);
INSERT INTO sub_info(sub_id,number,tariff,client,money) VALUES (295,75122037909,11,77,552);
INSERT INTO sub_info(sub_id,number,tariff,client,money) VALUES (296,78208132179,11,187,541);
INSERT INTO sub_info(sub_id,number,tariff,client,money) VALUES (297,73478277424,6,61,397);
INSERT INTO sub_info(sub_id,number,tariff,client,money) VALUES (298,79772081811,11,24,557);
INSERT INTO sub_info(sub_id,number,tariff,client,money) VALUES (299,72166465255,3,10,493);
INSERT INTO sub_info(sub_id,number,tariff,client,money) VALUES (300,73079516790,3,133,427);
